Workbook

Sheet QT01BM01..
C1: BẢNG TỔNG HỢP MÃ NGUỒN PHÁT THẢI VÀ LOẠI BỎ KHÍ NHÀ KÍNH NĂM: 2024 | F1: PHỤ LỤC 2 GHG/QT01/BM01
A2: STT | B2: Mã nguồn Phát thải, loại bảo KNK | C2: Nguồn phát thải/ Loại bỏ KNK | D2: Khí nhà kính | E2: Tần suất xuất hiện | F2: Hạng mục kiểm kê theo NĐ06/NĐ-CP
A3: I | B3: Cat 1 | C3: Phát thải và loại bỏ KNK trực tiếp
A4: 1 | B4: 1.1 | C4: Đốt tĩnh
A5: =+A4+1 -> 2 | B5: 1.1.1 | C5: DO | D5: CO2, CH4 và N2O | E5: Thường xuyên | F5: x
A6: =+A5+1 -> 3 | B6: 1.1.2 | C6: LPG sản xuất | D6: CO2, CH4 và N2O | E6: Thường xuyên | F6: x
A7: =+A6+1 -> 4 | B7: 1.1.3 | C7: LPG nhà bếp | D7: CO2, CH4 và N2O | E7: Thường xuyên | F7: x
A8: =+A7+1 -> 5 | B8: 1.1.4 | C8: Methanol | D8: CO2 | E8: Thường xuyên | F8: x
A9: =+A8+1 -> 6 | B9: 1.1.5 | C9: Xăng | D9: CO2, CH4 và N2O | E9: Thường xuyên | F9: x
A10: =+A9+1 -> 7 | B10: 1.1.6 | C10: Dầu hỏa | D10: CO2, CH4 và N2O | E10: Thường xuyên | F10: x
A11: =+A10+1 -> 8 | B11: 1.1.7 | C11: Nước thủy tinh (Silicate) | D11: CO2 | E11: Thường xuyên | F11: x
A12: =+A11+1 -> 9 | B12: 1.1.8 | C12: Sơn khuôn | D12: CO2 | E12: Thường xuyên | F12: x
A13: =+A12+1 -> 10 | B13: 1.1.9 | C13: Sơn khuôn - Sepanol | D13: CO2 | E13: Thường xuyên | F13: x
A14: =+A13+1 -> 11 | B14: 1.1.10 | C14: Cồn công nghiệp C2H5OH | D14: CO2 | E14: Thường xuyên | F14: x
A15: =+A14+1 -> 12 | B15: 1.1.11 | C15: CO2 sử dụng cho kết dính thao | D15: CO2 | E15: Thường xuyên | F15: x
A16: =+A15+1 -> 13 | B16: 1.2 | C16: Đốt động off-road (Xe vận chuyển nội bộ trong Nhà máy - Không đăng ký biển kiểm soát)
A17: =+A16+1 -> 14 | B17: 1.2.1 | C17: DO | D17: CO2, CH4, N2O | E17: Thường xuyên | F17: x
A18: =+A17+1 -> 15 | B18: 1.2.2 | C18: Xăng | D18: CO2, CH4, N2O | E18: Thường xuyên | F18: x
A19: 16 | B19: 1.3 | C19: Đốt động on-road (Xe vận tải, vận chuyển ngoài đường - Có đăng ký biển kiểm soát) và phát thải phát tán khác
A20: =+A19+1 -> 17 | B20: 1.3.1 | C20: DO | D20: CO2, CH4, N2O | E20: Thường xuyên | F20: x
A21: =+A20+1 -> 18 | B21: 1.3.2 | C21: Xăng | D21: CO2, CH4, N2O | E21: Thường xuyên | F21: x
A22: =+A21+1 -> 19 | B22: 1.4 | C22: CO2 sử dụng cho bình cứu hỏa, diễn tập PCCC | D22: CO2 | E22: Thỉnh thoảng | F22: x
A23: =+A22+1 -> 20 | B23: 1.5 | C23: Môi chất lạnh | D23: R22, R32, R410A, R407C,… | E23: Thường xuyên | F23: x
A24: =+A23+1 -> 21 | B24: 1.6 | C24: Xử lý nước thải tập trung | D24: CO2, CH4, N2O | E24: Thường xuyên | F24: x
A25: =+A24+1 -> 22 | B25: 1.7 | C25: Số lượng phân bón sử dụng cho cây | D25: CO2, CH4, N2O | E25: Thỉnh thoảng | F25: x
A26: 23 | B26: 1.8 | C26: Cây xanh (nguồn hấp thụ) | D26: CO2 | E26: Thường xuyên | F26: x
A27: II | B27: Cat 2 | C27: Phát thải gián tiếp từ năng lượng nhập khẩu
A28: 24 | B28: 2.1 | C28: Điện lưới mua về sử dụng tại DISOCO | D28: CO2e | E28: Thường xuyên | F28: x
A29: III | B29: Cat 3 | C29: Phát thải gián tiếp từ hoạt động vận tải
A30: 25 | B30: 3.1 | C30: Nhiên liệu sử dụng cho hoạt động thuê xe đưa đón cán bộ công nhân viên (DO, xăng) | D30: CO2, CH4 và N2O | E30: Thường xuyên | F30: x
A31: =+A30+1 -> 26 | B31: 3.2 | C31: Nhiên liệu sử dụng cho hoạt động cán bộ công nhân viên đi công tác bằng máy bay, tàu hỏa, tàu biển (DO, xăng, nhiên liệu phản lực) | D31: CO2, CH4 và N2O | E31: Thường xuyên | F31: x
A32: =+A31+1 -> 27 | B32: 3.3 | C32: Nhiên liệu sử dụng cho hoạt động vận chuyển nguyên vật liệu, hàng hoá từ nhà cung cấp đến Công ty (DO, xăng) | D32: CO2, CH4 và N2O | E32: Thường xuyên | F32: x
A33: =+A32+1 -> 28 | B33: 3.4 | C33: Nhiên liệu sử dụng cho hoạt động vận chuyển nguyên vật liệu, hàng hoá từ Công ty đến khách hàng (DO, xăng) | D33: CO2, CH4 và N2O | E33: Thường xuyên | F33: x
A34: =+A33+1 -> 29 | B34: 3.5 | C34: Nhiên liệu sử dụng cho hoạt động vận chuyển chất thải của nhà thầu xử lý chất thải (DO) | D34: CO2, CH4 và N2O | E34: Thường xuyên | F34: x
A35: =+A34+1 -> 30 | B35: 3.6 | C35: Vận chuyển, đi lại của nhà thầu khác (DO, xăng, điện (xe điện nếu có)) | D35: CO2, CH4 và N2O | E35: Thường xuyên | F35: x
A36: =+A35+1 -> 31 | B36: 3.7 | C36: Đi làm bằng ô tô, xe máy, xe điện (đạp - máy điện) của công nhân viên (DO, xăng, điện (xe điện nếu có)) | D36: CO2, CH4 và N2O | E36: Thường xuyên | F36: x
A37: =+A36+1 -> 32 | B37: 3.8 | C37: Môi chất lạnh từ các phương tiện vận chuyển (Môi chất lạnh trong điều hòa của xe) | D37: CO2, CH4 và N2O | E37: Thường xuyên | F37: o
A38: IV | B38: Cat 4 | C38: Phát thải gián tiếp từ việc tổ chức sử dụng các sản phẩm, dịch vụ.
A39: IV.1 | B39: 4.1 | C39: Thép
A40: 33 | B40: 4.1.1 | C40: Kim loại và thép cơ bản (basic iron and steel) | D40: CO2e | E40: Thường xuyên | F40: o
A41: 34 | B41: 4.1.2 | C41: Thép phế (scrap metal) | D41: CO2e | E41: Thường xuyên | F41: o
A42: IV.2 | B42: 4.2 | C42: Cát
A43: 35 | B43: 4.2.1 | C43: Cát Silica | D43: CO2e | E43: Thường xuyên | F43: o
A44: 36 | B44: 4.2.2 | C44: Cát nhựa | D44: CO2e | E44: Thường xuyên | F44: o
A45: IV.3 | B45: 4.3 | C45: Phụ gia/ vật tư phụ khác cho đúc
A46: 37 | B46: 4.3.1 | C46: Chất kết dính (liệt kê theo thư mục con bên dưới, nếu có) | D46: CO2e | E46: Thường xuyên | F46: o
A47: 38 | B47: 4.3.2 | C47: Chất làm cứng (liệt kê theo thư mục con bên dưới, nếu có) | D47: CO2e | E47: Thường xuyên | F47: o
A48: 39 | B48: 4.3.3 | C48: Chất hỗ trợ tạo bọt (liệt kê theo thư mục con bên dưới, nếu có) | D48: CO2e | E48: Thỉnh thoảng | F48: o
A49: 40 | B49: 4.3.4 | C49: Chất chống xỉ (liệt kê theo thư mục con bên dưới, nếu có) | D49: CO2e | E49: Thường xuyên | F49: o
A50: 41 | B50: 4.3.5 | C50: Chất tăng độ bền nhiệt (liệt kê theo thư mục con bên dưới, nếu có) | D50: CO2e | E50: Thường xuyên | F50: o
A51: 42 | B51: 4.3.6 | C51: Chất làm lỏng (liệt kê theo thư mục con bên dưới, nếu có) | D51: CO2e | E51: Thường xuyên | F51: o
A52: 43 | B52: 4.3.7 | C52: Chất làm mịn bề mặt (liệt kê theo thư mục con bên dưới, nếu có) | D52: CO2e | E52: Thường xuyên | F52: o
A53: 44 | B53: 4.3.8 | C53: Chất khử oxy (liệt kê theo thư mục con bên dưới, nếu có) | D53: CO2e | E53: Thỉnh thoảng | F53: o
B54: 4.4 | C54: Hóa chất
A55: 45 | B55: 4.4.1 | C55: RP7 | E55: Chưa xác định
A56: =+A55+1 -> 46 | B56: 4.4.2 | C56: Rỉ mật | E56: Chưa xác định
A57: =+A56+1 -> 47 | B57: 4.4.3 | C57: Javen | E57: Chưa xác định
A58: =+A57+1 -> 48 | B58: … | C58: …
B59: 4.5 | C59: Vật tư điện - điện tử
A60: 49 | B60: 4.5.1 | C60: … | D60: CO2e | F60: o
A61: 50 | B61: 4.5.2 | C61: … | D61: CO2e | F61: o
B62: 4.6 | C62: Vật tư cơ
A63: 51 | B63: 4.6.1 | C63: Đá cắt | D63: CO2e | F63: o
A64: =+A63+1 -> 52 | B64: 4.6.2 | C64: Đá mài | D64: CO2e | F64: o
A65: =+A64+1 -> 53 | B65: 4.6.3 | C65: Dao cắt | D65: CO2e | F65: o
A66: =+A65+1 -> 54 | B66: 4.6.4 | C66: Mũi phay | D66: CO2e | F66: o
A67: =+A66+1 -> 55 | B67: 4.6.5 | C67: Mũi khoan | D67: CO2e | F67: o
A68: =+A67+1 -> 56 | B68: 4.6.6 | C68: Trục kẹp | D68: CO2e | F68: o
A69: =+A68+1 -> 57 | B69: 4.6.7 | C69: Ụ xoay | D69: CO2e | F69: o
A70: =+A69+1 -> 58 | B70: 4.6.8 | C70: Spindle | D70: CO2e | F70: o
A71: =+A70+1 -> 59 | B71: 4.6.9 | C71: ….. | D71: CO2e | F71: o
B72: 4.7 | C72: Mua vật khí nén
A73: 60 | B73: 4.7.1 | C73: … | D73: CO2e | F73: o
A74: 61 | B74: 4.7.2 | C74: … | D74: CO2e | F74: o
B75: 4.8 | C75: Dầu thủy lực - bôi trơn
A76: 62 | B76: 4.8.1 | C76: Dầu bôi trơn hộp giảm tốc loại Caltex G… | D76: CO2e | F76: o
A77: 63 | B77: 4.8.2 | C77: Dầu bôi trơn hộp giảm tốc loại Castrol G… | D77: CO2e | F77: o
A78: =+A77+1 -> 64 | B78: … | C78: … | D78: CO2e | F78: o
B79: 4.9 | C79: Dầu tưới nguội | D79: CO2e
A80: 65 | B80: 4.9.1 | C80: … | D80: CO2e | F80: o
A81: 66 | B81: 4.9.2 | C81: … | D81: CO2e | F81: o
B82: 4.10 | C82: Dầu bảo vệ bề mặt | D82: CO2e
A83: 67 | B83: 4.10.1 | C83: … | D83: CO2e | F83: o
A84: 68 | B84: 4.10.2 | C84: … | D84: CO2e | F84: o
B85: 4.11 | C85: Mua máy gia công | D85: CO2e
A86: 69 | B86: 4.11.1 | C86: Máy tiện | D86: CO2e | F86: o
A87: =+A86+1 -> 70 | B87: 4.11.2 | C87: Máy khoan | D87: CO2e | F87: o
A88: =+A87+1 -> 71 | B88: 4.11.3 | C88: Máy sọc | D88: CO2e | F88: o
A89: =+A88+1 -> 72 | B89: 4.11.4 | C89: Máy CNC | D89: CO2e | F89: o
A90: =+A89+1 -> 73 | B90: 4.11.5 | C90: Trung tâm gia công | D90: CO2e | F90: o
A91: =+A90+1 -> 74 | B91: … | C91: …
B92: 4.12 | C92: Dịch vụ nhà thầu bảo trì cơ sở hạ tầng, nhà xưởng
A93: 75 | B93: 4.12.1 | C93: Xây nhà xưởng | D93: CO2e | F93: o
A94: =+A93+1 -> 76 | B94: 4.12.2 | C94: Sửa mái nhà xưởng | D94: CO2e | F94: o
A95: =+A94+1 -> 77 | B95: … | C95: … | D95: CO2e | F95: o
B96: 4.13 | C96: Dịch vụ bảo trì, duy tu, sửa chữa các máy móc thiết bị
B97: … | C97: … | D97: CO2e | F97: o
B98: 4.14 | C98: Dịch vụ xử lý rác thải của Công ty do nhà cung cấp thực hiện (đốt, chôn lấp, hóa rắn, …)
B99: … | C99: … | D99: CO2e | F99: o
B100: 4.15 | C100: Pallet cho kê, đóng gói sản phẩm (gỗ, nhựa), vật tư bao gói: nilon, màng stretch film, hộp các tông, bìa,..
...

Sheet QT01.BM01
C1: BẢNG TỔNG HỢP MÃ NGUỒN PHÁT THẢI VÀ LOẠI BỎ KHÍ NHÀ KÍNH NĂM: 2024 | F1: QT01/BM.01
A2: STT | B2: Mã nguồn phát thải, loại bỏ KNK | C2: Nguồn phát thải/ Loại bỏ KNK | D2: Khí nhà kính | E2: Tần suất xuất hiện | F2: Hạng mục kiểm kê theo NĐ06/NĐ-CP
A3: I | B3: Cat 1 | C3: Phát thải và loại bỏ KNK trực tiếp
B4: 1.1 | C4: Đốt tĩnh
A5: =+A4+1 -> 1 | B5: 1.1.1 | C5: DO máy phát điện | D5: CO2, CH4 và N2O | E5: Thường xuyên | F5: x
A6: =+A5+1 -> 2 | B6: 1.1.2 | C6: LPG sản xuất | D6: CO2, CH4 và N2O | E6: Thường xuyên | F6: x
A7: =+A6+1 -> 3 | B7: 1.1.3 | C7: LPG nhà bếp | D7: CO2, CH4 và N2O | E7: Thường xuyên | F7: x
A8: =+A7+1 -> 4 | B8: 1.1.4 | C8: Methanol | D8: CO2 | E8: Thường xuyên | F8: x
A9: =+A8+1 -> 5 | B9: 1.1.5 | C9: Xăng máy cắt cỏ | D9: CO2, CH4 và N2O | E9: Thường xuyên | F9: x
A10: =+A9+1 -> 6 | B10: 1.1.6 | C10: Dầu hỏa (Kerosene-Oil) | D10: CO2, CH4 và N2O | E10: Thường xuyên | F10: x
A11: =+A10+1 -> 7 | B11: 1.1.7 | C11: Nước thủy tinh (Silicate) | D11: CO2 | E11: Thường xuyên | F11: x
A12: =+A11+1 -> 8 | B12: 1.1.8 | C12: Sơn lõi khuôn (BR-750 và Koalid Paste 94I) | D12: CO2 | E12: Thường xuyên | F12: x
A13: =+A12+1 -> 9 | B13: 1.1.10 | C13: Cồn công nghiệp C2H5OH | D13: CO2 | E13: Thường xuyên | F13: x
A14: =+A13+1 -> 10 | B14: 1.1.11 | C14: CO2 sử dụng cho kết dính thao (core mold) | D14: CO2 | E14: Thường xuyên | F14: x
B15: 1.2 | C15: Đốt trong di động
A16: 11 | B16: 1.2.1 | C16: DO dùng cho xe nâng | D16: CO2, CH4, N2O | E16: Thường xuyên | F16: x
A17: 16 | B17: 1.2.2 | C17: Xăng | D17: CO2, CH4, N2O | E17: Thường xuyên | F17: x
A18: 12 | B18: 1.2.2 | C18: DO dùng cho xe tải và xe car chở CBCNV | D18: CO2, CH4, N2O | E18: Thường xuyên | F18: x
A19: 13 | B19: 1.2.3 | C19: Xăng dùng cho xe 7 chỗ | D19: CO2, CH4, N2O | E19: Thường xuyên | F19: x
B20: 1.3 | C20: Phát thải rò rỉ
A21: 14 | B21: 1.3.1 | C21: CO2 sử dụng cho bình cứu hỏa, diễn tập PCCC | D21: CO2 | E21: Thỉnh thoảng | F21: x
A22: 15 | B22: 1.3.2 | C22: Môi chất lạnh | D22: R22, R32, R410A, R407C,… | E22: Thường xuyên | F22: x
A23: 16 | B23: 1.3.3 | C23: Xử lý nước thải tập trung | D23: CO2, CH4, N2O | E23: Thường xuyên | F23: x
A24: 17 | B24: 1.3.4 | C24: Số lượng phân bón sử dụng cho cây | D24: CO2, CH4, N2O | E24: Thỉnh thoảng | F24: x
A25: 18 | B25: 1.4 | C25: Cây xanh (nguồn hấp thụ) | D25: CO2 | E25: Thường xuyên | F25: x
A26: II | B26: Cat 2 | C26: Phát thải gián tiếp từ năng lượng nhập khẩu
A27: 19 | B27: 2.1 | C27: Điện lưới mua về sử dụng tại DISOCO | D27: CO2e | E27: Thường xuyên | F27: x
A28: III | B28: Cat 3 | C28: Phát thải gián tiếp từ hoạt động vận tải
A29: 20 | B29: 3.1 | C29: Nhiên liệu sử dụng cho hoạt động thuê xe đưa đón cán bộ công nhân viên (DO, xăng) | D29: CO2, CH4 và N2O | E29: Thường xuyên | F29: o
A30: 21 | B30: 3.2 | C30: Nhiên liệu sử dụng cho hoạt động cán bộ công nhân viên đi công tác bằng máy bay, tàu hỏa, tàu biển (DO, xăng, nhiên liệu phản lực) | D30: CO2, CH4 và N2O | E30: Thường xuyên | F30: o
A31: 22 | B31: 3.3 | C31: Nhiên liệu sử dụng cho hoạt động vận chuyển nguyên vật liệu, hàng hoá từ nhà cung cấp đến Công ty (DO, xăng) | D31: CO2, CH4 và N2O | E31: Thường xuyên | F31: o
A32: 23 | B32: 3.4 | C32: Nhiên liệu sử dụng cho hoạt động vận chuyển nguyên vật liệu, hàng hoá từ Công ty đến khách hàng (DO, xăng) | D32: CO2, CH4 và N2O | E32: Thường xuyên | F32: o
A33: 24 | B33: 3.5 | C33: Nhiên liệu sử dụng cho hoạt động vận chuyển chất thải của nhà thầu xử lý chất thải (DO) | D33: CO2, CH4 và N2O | E33: Thường xuyên | F33: o
A34: 25 | B34: 3.6 | C34: Vận chuyển, đi lại của nhà thầu khác (DO, xăng, điện (xe điện nếu có)) | D34: CO2, CH4 và N2O | E34: Thường xuyên | F34: o
A35: 26 | B35: 3.7 | C35: Đi làm bằng ô tô, xe máy, xe điện (đạp - máy điện) của công nhân viên (DO, xăng, điện (xe điện nếu có)) | D35: CO2, CH4 và N2O | E35: Thường xuyên | F35: o
A36: 27 | B36: 3.8 | C36: Môi chất lạnh từ các phương tiện vận chuyển (Môi chất lạnh trong điều hòa của xe) | D36: CO2, CH4 và N2O | E36: Thường xuyên | F36: o
A37: IV | B37: Cat 4 | C37: Phát thải gián tiếp từ việc tổ chức sử dụng các sản phẩm, dịch vụ
A38: IV.1 | B38: 4.1 | C38: Thép
A39: 28 | B39: 4.1.1 | C39: Kim loại và thép cơ bản (basic iron and steel) | D39: CO2e | E39: Thường xuyên | F39: o
A40: 29 | B40: 4.1.2 | C40: Thép phế (scrap metal) | D40: CO2e | E40: Thường xuyên | F40: o
A41: IV.2 | B41: 4.2 | C41: Cát
A42: 30 | B42: 4.2.1 | C42: Cát Silica | D42: CO2e | E42: Thường xuyên | F42: o
A43: 31 | B43: 4.2.2 | C43: Cát nhựa | D43: CO2e | E43: Thường xuyên | F43: o
A44: IV.3 | B44: 4.3 | C44: Phụ gia/ vật tư phụ khác cho đúc
A45: 32 | B45: 4.3.1 | C45: Chất kết dính (liệt kê theo thư mục con bên dưới, nếu có) | D45: CO2e | E45: Thường xuyên | F45: o
A46: 33 | B46: 4.3.2 | C46: Chất làm cứng (liệt kê theo thư mục con bên dưới, nếu có) | D46: CO2e | E46: Thường xuyên | F46: o
A47: 34 | B47: 4.3.3 | C47: Chất hỗ trợ tạo bọt (liệt kê theo thư mục con bên dưới, nếu có) | D47: CO2e | E47: Thỉnh thoảng | F47: o
A48: 35 | B48: 4.3.4 | C48: Chất chống xỉ (liệt kê theo thư mục con bên dưới, nếu có) | D48: CO2e | E48: Thường xuyên | F48: o
A49: 36 | B49: 4.3.5 | C49: Chất tăng độ bền nhiệt (liệt kê theo thư mục con bên dưới, nếu có) | D49: CO2e | E49: Thường xuyên | F49: o
A50: 37 | B50: 4.3.6 | C50: Chất làm lỏng (liệt kê theo thư mục con bên dưới, nếu có) | D50: CO2e | E50: Thường xuyên | F50: o
A51: 38 | B51: 4.3.7 | C51: Chất làm mịn bề mặt (liệt kê theo thư mục con bên dưới, nếu có) | D51: CO2e | E51: Thường xuyên | F51: o
A52: 39 | B52: 4.3.8 | C52: Chất khử oxy (liệt kê theo thư mục con bên dưới, nếu có) | D52: CO2e | E52: Thỉnh thoảng | F52: o
B53: 4.4 | C53: Hóa chất
A54: 40 | B54: 4.4.1 | C54: RP7 | E54: Chưa xác định
A55: =+A54+1 -> 41 | B55: 4.4.2 | C55: Rỉ mật | E55: Chưa xác định
A56: =+A55+1 -> 42 | B56: 4.4.3 | C56: Javen | E56: Chưa xác định
B57: … | C57: …
B58: 4.5 | C58: Vật tư điện - điện tử
A59: 43 | B59: 4.5.1 | C59: … | D59: CO2e | F59: o
A60: 44 | B60: 4.5.2 | C60: … | D60: CO2e | F60: o
B61: 4.6 | C61: Vật tư cơ
A62: 45 | B62: 4.6.1 | C62: Đá cắt | D62: CO2e | F62: o
A63: =+A62+1 -> 46 | B63: 4.6.2 | C63: Đá mài | D63: CO2e | F63: o
A64: =+A63+1 -> 47 | B64: 4.6.3 | C64: Dao cắt | D64: CO2e | F64: o
A65: =+A64+1 -> 48 | B65: 4.6.4 | C65: Mũi phay | D65: CO2e | F65: o
A66: =+A65+1 -> 49 | B66: 4.6.5 | C66: Mũi khoan | D66: CO2e | F66: o
A67: =+A66+1 -> 50 | B67: 4.6.6 | C67: Trục kẹp | D67: CO2e | F67: o
A68: =+A67+1 -> 51 | B68: 4.6.7 | C68: Ụ xoay | D68: CO2e | F68: o
A69: =+A68+1 -> 52 | B69: 4.6.8 | C69: Spindle | D69: CO2e | F69: o
B70: 4.6.9 | C70: ….. | D70: CO2e | F70: o
B71: 4.7 | C71: Mua vật khí nén
A72: =A69+1 -> 53 | B72: 4.7.1 | C72: … | D72: CO2e | F72: o
A73: =A72+1 -> 54 | B73: 4.7.2 | C73: … | D73: CO2e | F73: o
B74: 4.8 | C74: Dầu thủy lực - bôi trơn
A75: =A73+1 -> 55 | B75: 4.8.1 | C75: Dầu bôi trơn hộp giảm tốc loại Caltex G… | D75: CO2e | F75: o
A76: =A75+1 -> 56 | B76: 4.8.2 | C76: Dầu bôi trơn hộp giảm tốc loại Castrol G… | D76: CO2e | F76: o
B77: … | C77: … | D77: CO2e | F77: o
B78: 4.9 | C78: Dầu tưới nguội | D78: CO2e
A79: =A76+1 -> 57 | B79: 4.9.1 | C79: … | D79: CO2e | F79: o
A80: =A79+1 -> 58 | B80: 4.9.2 | C80: … | D80: CO2e | F80: o
B81: 4.10 | C81: Dầu bảo vệ bề mặt | D81: CO2e
A82: =A80+1 -> 59 | B82: 4.10.1 | C82: … | D82: CO2e | F82: o
A83: =A82+1 -> 60 | B83: 4.10.2 | C83: … | D83: CO2e | F83: o
B84: 4.11 | C84: Mua máy gia công | D84: CO2e
A85: =A83+1 -> 61 | B85: 4.11.1 | C85: Máy tiện | D85: CO2e | F85: o
A86: =+A85+1 -> 62 | B86: 4.11.2 | C86: Máy khoan | D86: CO2e | F86: o
A87: =+A86+1 -> 63 | B87: 4.11.3 | C87: Máy sọc | D87: CO2e | F87: o
A88: =+A87+1 -> 64 | B88: 4.11.4 | C88: Máy CNC | D88: CO2e | F88: o
A89: =+A88+1 -> 65 | B89: 4.11.5 | C89: Trung tâm gia công | D89: CO2e | F89: o
B90: … | C90: …
B91: 4.12 | C91: Dịch vụ nhà thầu bảo trì cơ sở hạ tầng, nhà xưởng
A92: =A89+1 -> 66 | B92: 4.12.1 | C92: Xây nhà xưởng | D92: CO2e | F92: o
A93: =+A92+1 -> 67 | B93: 4.12.2 | C93: Sửa mái nhà xưởng | D93: CO2e | F93: o
B94: … | C94: … | D94: CO2e | F94: o
B95: 4.13 | C95: Dịch vụ bảo trì, duy tu, sửa chữa các máy móc thiết bị
B96: … | C96: … | D96: CO2e | F96: o
B97: 4.14 | C97: Dịch vụ xử lý rác thải của Công ty do nhà cung cấp thực hiện (đốt, chôn lấp, hóa rắn, …)
B98: … | C98: … | D98: CO2e | F98: o
B99: 4.15 | C99: Pallet cho kê, đóng gói sản phẩm (gỗ, nhựa), vật tư bao gói: nilon, màng stretch film, hộp các tông, bìa,..
B100: 4.15.1 | C100: Pallet gỗ | D100: CO2e | F100: o
...

Sheet QT01.BM02..
C1: BẢNG CÔNG BỐ PHẠM VI KIỂM KÊ KHÍ NHÀ KÍNH CẤP CƠ SỞ NĂM: 2024 | D1: GHG/QT01/BM03
A3: I. RANH GIỚI TỔ CHỨC
A4: 1. Tên công ty: Công ty TNHH MTV Diesel Sông Công
A5: 2. Địa chỉ trụ sở chính: số 362, đường Cách mạng Tháng 10, phường Châu Sơn, thành phố Sông Công, tỉnh Thái Nguyên - Việt Nam
A6: 3. Địa chỉ chi nhánh:
A7: 70 Lý Chiêu Hoàng, phường 10, Quận 6, thành phố Hồ Chí Minh
A8: Phường Sở Dầu, quận Hồng Bàng, thành phố Hải Phòng
A9: 4. Người đại diện theo Pháp luật: Ông Nguyễn Đức Tuấn Chức vụ: Giám đốc
A10: 5. Giấy phép đăng ký kinh doanh: Mã số 4600100211
A11: 6. Lĩnh vực sản xuất: Đúc, rèn, gia công cơ khí, lắp ráp
A12: 7. Nguyên tắc quản lý: Quản lý KNK theo nguyên tắc kiểm soát vận hành
A13: II. RANH GIỚI BÁO CÁO
A14: Khoảng thời gian kiểm kê: từ 01/01/2023 đến 31/12/2024
A15: Các nguồn phát thải và loại bỏ KNK áp dụng tính toán định lượng
A16: STT | B16: Mã nguồn Phát thải, loại bỏ KNK | C16: Nguồn phát thải/ Loại bỏ KNK | D16: Quá trình/ khu vực
A17: I | B17: Cat 1 | C17: Phát thải và loại bỏ KNK trực tiếp
A18: 1 | B18: 1.1 | C18: Đốt tĩnh
A19: 2 | B19: 1.1.1 | C19: DO | D19: Máy phát điện
A20: 3 | B20: 1.1.2 | C20: LPG sản xuất | D20: Sử dụng cho sản xuất (đốt sấy khuôn, chảo rót, hàn…)
A21: 4 | B21: 1.1.3 | C21: LPG nhà bếp | D21: Sử dụng cho bếp gas
A22: 5 | B22: 1.1.4 | C22: Toluen | D22: Sử dụng cho quá trình sản xuất, hệ số quy đổi lít ra kg
A23: 6 | B23: 1.1.5 | C23: Methanol | D23: Sử dụng cho quá trình sản xuất, hệ số quy đổi lít ra kg
A24: 7 | B24: 1.1.6 | C24: Xăng | D24: Sử dụng cho cắt cỏ,…
A25: 8 | B25: 1.1.7 | C25: Dầu hỏa | D25: Sử dụng cho quá trình ram chi tiết, cần thống kê loại dầu, thời gian tôi các sản phẩm, nhiệt độ phôi đưa vào tôi, nhiệt độ phôi sau tôi, nhiệt độ dầu lúc tôi.
A26: 9 | B26: 1.1.8 | C26: Nước thủy tinh (Silicate) | D26: Sử dụng cho quá trình trộn hỗn hợp làm thao. Cần phân tích trong thao
A27: 10 | B27: 1.1.9 | C27: Sơn khuôn | D27: Sử dụng cho quá trình sơn khuôn (BR-750,…)
A28: 11 | B28: 1.1.10 | C28: Sơn khuôn - Sepanol | D28: Sử dụng cho quá trình sơn khuôn.
A29: 12 | B29: 1.1.11 | C29: Cồn công nghiệp C2H5OH | D29: Sử dụng cho quá trình pha sơn dùng để sơn thao.
A30: 13 | B30: 1.1.12 | C30: CO2 sử dụng cho kết dính thao | D30: Sử dụng cho quá trình kết dính thao.
A31: 14 | B31: 1.2 | C31: Đốt động off-road (Xe vận chuyển nội bộ trong Nhà máy - Không đăng ký biển kiểm soát)
A32: 15 | B32: 1.2.1 | C32: DO | D32: Sử dụng cho xe vận chuyển nội bộ trong nhà máy (cho xe nâng, ...)
A33: 16 | B33: 1.2.2 | C33: Xăng | D33: Sử dụng cho xe vận chuyển nội bộ trong nhà máy (cho xe ...)
A34: 17 | B34: 1.3 | C34: Đốt động on-road (Xe vận tải, vận chuyển ngoài đường - Có đăng ký biển kiểm soát) và phát thải phát tán khác
A35: 18 | B35: 1.3.1 | C35: DO | D35: Sử dụng cho xe vận tải của Công ty (xe tải chở hàng, xe bán tải,…)
A36: 19 | B36: 1.3.2 | C36: Xăng | D36: Sử dụng cho xe chuyên chở CBCNV của Công ty
A37: 20 | B37: 1.4 | C37: CO2 sử dụng cho bình cứu hỏa, diễn tập PCCC | D37: Sử dụng cho bình cứu hỏa, diễn tập PCCC
A38: 21 | B38: 1.5 | C38: Môi chất lạnh | D38: Sử dụng môi chất lạnh cho các điều hòa, cấy nước nóng lạnh, tủ đông/ tủ cấp đá, chiller, máy sấy khí,…
A39: 22 | B39: 1.6 | C39: Xử lý nước thải tập trung | D39: Phát thải từ xử lý nước thải công nghiệp, có quan trắc chỉ số Nito tổng và COD ở đầu vào và đầu ra của quá trình (hiếu khí, thiếu khí, kỵ khí)
A40: 23 | B40: 1.7 | C40: Cây xanh (nguồn hấp thụ) | D40: Thống kê số lượng cây xanh, loại cây, tuổi cây và đường kính thân cây D1.3
A41: 24 | B41: 1.8 | C41: Số lượng phân bón sử dụng cho cây | D41: Thống kê số lượng cây xanh, loại cây, tuổi cây và đường kính thân cây D1.3
A42: II | B42: Cat 2 | C42: Phát thải gián tiếp từ năng lượng nhập khẩu
A43: 25 | B43: 2.1 | C43: Điện lưới mua về sử dụng tại DISOCO | D43: Các quá trình sử dụng điện năng tại DISOCO
A44: III | B44: Cat 3 | C44: Phát thải gián tiếp từ hoạt động vận tải
A45: 26 | B45: 3.1 | C45: Nhiên liệu sử dụng DO, xăng | D45: Các hoạt động thuê xe đưa đón CBCNV
A46: =+A45+1 -> 27 | B46: 3.2 | C46: Nhiên liệu sử dụng DO, xăng, nhiên liệu phản lực | D46: Các hoạt động cán bộ công nhân viên đi công tác bằng máy bay, tàu hỏa, tàu biển (DO, xăng, nhiên liệu phản lực)
A47: =+A46+1 -> 28 | B47: 3.3 | C47: Nhiên liệu sử dụng DO, xăng | D47: Hoạt động vận chuyển nguyên vật liệu, hàng hoá từ nhà cung cấp đến Công t
A48: =+A47+1 -> 29 | B48: 3.4 | C48: Nhiên liệu sử dụng DO, xăng | D48: Hoạt động vận chuyển nguyên vật liệu, hàng hoá từ Công ty đến khách hàng
A49: =+A48+1 -> 30 | B49: 3.5 | C49: Nhiên liệu sử dụng DO | D49: Hoạt động vận chuyển chất thải của nhà thầu xử lý chất thải
A50: =+A49+1 -> 31 | B50: 3.6 | C50: Nhiên liệu sử dụng DO, xăng, điện (xe điện nếu có) | D50: Vận chuyển, đi lại của nhà thầu khác
A51: =+A50+1 -> 32 | B51: 3.7 | C51: Nhiên liệu sử dụng DO, xăng, điện (xe điện nếu có) | D51: Đi làm bằng ô tô, xe máy, xe điện (đạp - máy điện) của công nhân viên
A52: =+A51+1 -> 33 | B52: 3.8 | C52: Môi chất lạnh từ các phương tiện vận chuyển | D52: Môi chất lạnh trong điều hòa của các phương tiện vận chuyển
A53: IV | B53: Cat 4 | C53: Phát thải gián tiếp từ việc tổ chức sử dụng các sản phẩm, dịch vụ.
A54: IV.1 | B54: 4.1 | C54: Thép
A55: 34 | B55: 4.1.1 | C55: Kim loại và thép cơ bản (basic iron and steel) | D55: Các quá trình sản xuất sử dụng kim loại và thép cơ bản
A56: 35 | B56: 4.1.2 | C56: Thép phế (scrap metal) | D56: Quá trình xử lý thép phế và nấu luyện kim loại (các lò trung tần nấu thép,...)
A57: IV.2 | B57: 4.2 | C57: Cát
A58: 36 | B58: 4.2.1 | C58: Cát Silica | D58: Quá trình làm khuôn thao
A59: 37 | B59: 4.2.2 | C59: Cát nhựa | D59: Quá trình làm khuôn thao
A60: IV.3 | B60: 4.3 | C60: Phụ gia/ vật tư phụ khác cho đúc | D60: CO2e
A61: 38 | B61: 4.3.1 | C61: Chất kết dính | D61: Quá trình làm khuôn thao
A62: 39 | B62: 4.3.2 | C62: Chất làm cứng | D62: Quá trình làm khuôn thao
A63: 40 | B63: 4.3.3 | C63: Chất hỗ trợ tạo bọt | D63: Quá trình đúc sản phẩm
A64: 41 | B64: 4.3.4 | C64: Chất chống xỉ | D64: Quá trình đúc sản phẩm
A65: 42 | B65: 4.3.5 | C65: Chất tăng độ bền nhiệt | D65: Quá trình đúc sản phẩm
A66: 43 | B66: 4.3.6 | C66: Chất làm lỏng | D66: Quá trình đúc sản phẩm
A67: 44 | B67: 4.3.7 | C67: Chất làm mịn bề mặt | D67: Quá trình đúc sản phẩm
A68: 45 | B68: 4.3.8 | C68: Chất khử oxy | D68: Quá trình đúc sản phẩm
B69: 4.4 | C69: Hóa chất
A70: 46 | B70: 4.4.1 | C70: RP7 | D70: Quá trình bảo dưỡng
A71: 47 | B71: 4.4.2 | C71: Rỉ mật | D71: Quá trình xử lý nước thải
A72: 48 | B72: 4.4.3 | C72: Javen | D72: Quá trình xử lý nước thải
A73: 49 | B73: … | C73: …
B74: 4.5 | C74: Vật tư điện - điện tử
A75: 50 | B75: 4.5.1 | C75: … | D75: Quá trình bảo trì bảo dưỡng máy móc thiết bị
A76: 51 | B76: 4.5.2 | C76: … | D76: Quá trình bảo trì bảo dưỡng máy móc thiết bị
B77: 4.6 | C77: Vật tư cơ
A78: 52 | B78: 4.6.1 | C78: Đá cắt | D78: Quá trình sản xuất, bảo trì bảo dưỡng máy móc thiết bị
A79: =+A78+1 -> 53 | B79: 4.6.2 | C79: Đá mài | D79: Quá trình sản xuất, bảo trì bảo dưỡng máy móc thiết bị
A80: =+A79+1 -> 54 | B80: 4.6.3 | C80: Dao cắt | D80: Quá trình sản xuất, bảo trì bảo dưỡng máy móc thiết bị
A81: =+A80+1 -> 55 | B81: 4.6.4 | C81: Mũi phay | D81: Quá trình sản xuất, bảo trì bảo dưỡng máy móc thiết bị
A82: =+A81+1 -> 56 | B82: 4.6.5 | C82: Mũi khoan | D82: Quá trình sản xuất, bảo trì bảo dưỡng máy móc thiết bị
A83: =+A82+1 -> 57 | B83: 4.6.6 | C83: Trục kẹp | D83: Quá trình sản xuất, bảo trì bảo dưỡng máy móc thiết bị
A84: =+A83+1 -> 58 | B84: 4.6.7 | C84: Ụ xoay | D84: Quá trình sản xuất, bảo trì bảo dưỡng máy móc thiết bị
A85: =+A84+1 -> 59 | B85: 4.6.8 | C85: Spindle | D85: Quá trình sản xuất, bảo trì bảo dưỡng máy móc thiết bị
B86: 4.6.9 | C86: ….. | D86: Quá trình bảo trì bảo dưỡng máy móc thiết bị
B87: 4.7 | C87: Mua vật khí nén
A88: 60 | B88: 4.7.1 | C88: … | D88: Quá trình sản xuất, bảo trì bảo dưỡng máy móc thiết bị
A89: 61 | B89: 4.7.2 | C89: … | D89: Quá trình sản xuất, bảo trì bảo dưỡng máy móc thiết bị
B90: 4.8 | C90: Dầu thủy lực - bôi trơn
A91: 62 | B91: 4.8.1 | C91: Dầu bôi trơn hộp giảm tốc loại Caltex G… | D91: Quá trình sản xuất, bảo trì bảo dưỡng máy móc thiết bị
A92: 63 | B92: 4.8.2 | C92: Dầu bôi trơn hộp giảm tốc loại Castrol G… | D92: Quá trình sản xuất, bảo trì bảo dưỡng máy móc thiết bị
B93: … | C93: … | D93: Quá trình sản xuất, bảo trì bảo dưỡng máy móc thiết bị
B94: 4.9 | C94: Dầu tưới nguội | D94: CO2e
A95: 64 | B95: 4.9.1 | C95: … | D95: Quá trình sản xuất, bảo trì bảo dưỡng máy móc thiết bị
A96: 65 | B96: 4.9.2 | C96: … | D96: Quá trình sản xuất, bảo trì bảo dưỡng máy móc thiết bị
B97: 4.10 | C97: Dầu bảo vệ bề mặt | D97: CO2e
B98: 4.10.1 | C98: … | D98: Quá trình sản xuất
B99: 4.10.2 | C99: … | D99: Quá trình sản xuất
B100: 4.11 | C100: Mua máy gia công | D100: CO2e
B101: 4.11.1 | C101: Máy tiện | D101: Quá trình sản xuất, bảo trì bảo dưỡng máy móc thiết bị
...

Sheet QT03.BM01
C1: BẢNG XÁC ĐỊNH MỨC ĐỘ Ý NGHĨA CÁC NGUỒN PHÁT THẢI GIÁN TIẾP KNK NĂM: 2024 | L1: QT03/BM.01
A2: Thông tin | C2: Thuộc yêu cầu của Các cơ quản quản lý nhà nước (R1) | D2: Thuộc yêu cầu của Khách hàng hoặc bên liên quan khác (R2) | E2: Liên quan đến mục tiêu khí nhà kính (R3) | F2: Dữ liệu cụ thể cho địa điểm/quá trình (R4) | G2: Chi phí để xác định lượng phát thải/loại bỏ KNK từ nguồn (R5) | H2: Khả năng để thu thập dữ liệu (R6) | I2: Hệ số phát thải/ mô hình định lượng (R7) | J2: Rủi ro và cơ hội khi thực hiện quản lý khí nhà kính (R8) | K2: Lượng phát thải hoặc loại bỏ gián tiếp được giả định về mặt định lương Độ lớn (ước tính) của lượng phát thải KNK (R9) 5% | L2: Điểm đánh giá | M2: Kết luận
A3: Trọng số tác động đến mô hình GHG | C3: 0.2 | D3: 0.15 | E3: 0.1 | F3: 0.05 | G3: 0.1 | H3: 0.1 | I3: 0.15 | J3: 0.1 | K3: 0.05
A4: Các tiêu chí đánh giá | C4: Có và bắt buộc áp dụng/ Yes: 3 | D4: Có và bắt buộc áp dụng/ Yes: 3 | E4: Có và bắt buộc áp dụng/ Yes: 3 | F4: Có định lượng rõ cho từng quá trình: 3 | G4: Chi phí cao ≥ 50 triệu: 1 | H4: Dễ/ Easy: 3 | I4: Có sẵn, phù hợp/ Available, suitable: 3 | J4: Có cơ hội mở rộng thị trường, khách hàng, sản phẩm (tăng trưởng kinh tế): 3 | K4: R10 ≥ 10%, 3
C5: Có nhưng không bắt buộc áp dụng/ 2 | D5: Có nhưng không bắt buộc áp dụng/ 2 | E5: Có nhưng không bắt buộc áp dụng/ 2 | F5: Có định lượng nhưng cho tổng thể địa điểm/ tổng quá trình: 2 | G5: Chi phí trung bình 10 triệu - 50 triệu: 2 | H5: Trung bình/ Medium: 2 | I5: Có sẵn, không phù hợp phải điều chỉnh/ Available, not suitable must be adjusted: 2 | J5: Có cơ hội nhận hỗ trợ về đầu tư công nghệ, máy móc, thiết bị, nâng cao (tăng trưởng công nghệ - kỹ thuật): 2 | K5: 2% ≤ R10 <10%: 2
C6: Không/ No: 1 | D6: Không/ No: 1 | E6: Không/ No: 1 | F6: Không có dữ liệu cụ thể: 1 | G6: Chi phí thấp < 10 triệu: 3 | H6: Khó/ Difficult: 1 | I6: Không có sẵn/ Not available: 1 | J6: Có rủi ro liên quan đến hình ảnh và thương hiệu của Công ty: 1 | K6: R10 < 2%: 1
A7: Mã nguồn phát thải và loại bỏ KNK | B7: Nguồn phát thải và loại bỏ KNK
A8: Cat 3 | B8: Phát thải gián tiếp từ hoạt động vận tải
A9: 3.1 | B9: Nhiên liệu sử dụng DO, xăng | C9: 1 | D9: 1 | E9: 1 | F9: 1 | G9: 3 | H9: 1 | I9: 2 | J9: 2 | K9: 1 | L9: =+SUMPRODUCT($C$3:$K$3,C9:K9) -> 1.45 | M9: =+IF(L9>=1.6,"YES","NO") -> NO
A10: 3.2 | B10: Nhiên liệu sử dụng DO, xăng, nhiên liệu phản lực | C10: 1 | D10: 1 | E10: 1 | F10: 1 | G10: 3 | H10: 1 | I10: 2 | J10: 2 | K10: 1 | L10: =+SUMPRODUCT($C$3:$K$3,C10:K10) -> 1.45 | M10: =+IF(L10>=1.6,"YES","NO") -> NO
A11: 3.3 | B11: Nhiên liệu sử dụng DO, xăng | C11: 1 | D11: 1 | E11: 1 | F11: 1 | G11: 3 | H11: 1 | I11: 2 | J11: 2 | K11: 1 | L11: =+SUMPRODUCT($C$3:$K$3,C11:K11) -> 1.45 | M11: =+IF(L11>=1.6,"YES","NO") -> NO
A12: 3.4 | B12: Nhiên liệu sử dụng DO, xăng | C12: 1 | D12: 1 | E12: 1 | F12: 1 | G12: 3 | H12: 1 | I12: 2 | J12: 2 | K12: 1 | L12: =+SUMPRODUCT($C$3:$K$3,C12:K12) -> 1.45 | M12: =+IF(L12>=1.6,"YES","NO") -> NO
A13: 3.5 | B13: Nhiên liệu sử dụng DO | C13: 1 | D13: 1 | E13: 1 | F13: 1 | G13: 3 | H13: 1 | I13: 2 | J13: 2 | K13: 1 | L13: =+SUMPRODUCT($C$3:$K$3,C13:K13) -> 1.45 | M13: =+IF(L13>=1.6,"YES","NO") -> NO
A14: 3.6 | B14: Nhiên liệu sử dụng DO, xăng, điện (xe điện nếu có) | C14: 1 | D14: 1 | E14: 1 | F14: 1 | G14: 3 | H14: 1 | I14: 2 | J14: 2 | K14: 1 | L14: =+SUMPRODUCT($C$3:$K$3,C14:K14) -> 1.45 | M14: =+IF(L14>=1.6,"YES","NO") -> NO
A15: 3.7 | B15: Nhiên liệu sử dụng DO, xăng, điện (xe điện nếu có) | C15: 1 | D15: 1 | E15: 1 | F15: 1 | G15: 3 | H15: 1 | I15: 2 | J15: 2 | K15: 1 | L15: =+SUMPRODUCT($C$3:$K$3,C15:K15) -> 1.45 | M15: =+IF(L15>=1.6,"YES","NO") -> NO
A16: 3.8 | B16: Môi chất lạnh từ các phương tiện vận chuyển | C16: 1 | D16: 1 | E16: 1 | F16: 1 | G16: 3 | H16: 1 | I16: 2 | J16: 2 | K16: 1 | L16: =+SUMPRODUCT($C$3:$K$3,C16:K16) -> 1.45 | M16: =+IF(L16>=1.6,"YES","NO") -> NO
A17: Cat 4 | B17: Phát thải gián tiếp từ việc tổ chức sử dụng các sản phẩm, dịch vụ.
A18: 4.1 | B18: Thép
A19: 4.1.1 | B19: Kim loại và thép cơ bản (basic iron and steel) | C19: 1 | D19: 2 | E19: 1 | F19: 1 | G19: 2 | H19: 1 | I19: 2 | J19: 2 | K19: 1 | L19: =+SUMPRODUCT($C$3:$K$3,C19:K19) -> 1.5 | M19: =+IF(L19>=1.6,"YES","NO") -> NO
A20: 4.1.2 | B20: Thép phế (scrap metal) | C20: 1 | D20: 2 | E20: 1 | F20: 1 | G20: 2 | H20: 1 | I20: 2 | J20: 2 | K20: 1 | L20: =+SUMPRODUCT($C$3:$K$3,C20:K20) -> 1.5 | M20: =+IF(L20>=1.6,"YES","NO") -> NO
A21: 4.2 | B21: Cát
A22: 4.2.1 | B22: Cát Silica | C22: 1 | D22: 1 | E22: 1 | F22: 1 | G22: 3 | H22: 1 | I22: 2 | J22: 2 | K22: 1 | L22: =+SUMPRODUCT($C$3:$K$3,C22:K22) -> 1.45 | M22: =+IF(L22>=1.6,"YES","NO") -> NO
A23: 4.2.2 | B23: Cát nhựa | C23: 1 | D23: 1 | E23: 1 | F23: 1 | G23: 3 | H23: 1 | I23: 2 | J23: 2 | K23: 1 | L23: =+SUMPRODUCT($C$3:$K$3,C23:K23) -> 1.45 | M23: =+IF(L23>=1.6,"YES","NO") -> NO
A24: 4.3 | B24: Phụ gia/ vật tư phụ khác cho đúc
A25: 4.3.1 | B25: Chất kết dính | C25: 1 | D25: 1 | E25: 1 | F25: 1 | G25: 3 | H25: 1 | I25: 2 | J25: 2 | K25: 1 | L25: =+SUMPRODUCT($C$3:$K$3,C25:K25) -> 1.45 | M25: =+IF(L25>=1.6,"YES","NO") -> NO
A26: 4.3.2 | B26: Chất làm cứng | C26: 1 | D26: 1 | E26: 1 | F26: 1 | G26: 3 | H26: 1 | I26: 2 | J26: 2 | K26: 1 | L26: =+SUMPRODUCT($C$3:$K$3,C26:K26) -> 1.45 | M26: =+IF(L26>=1.6,"YES","NO") -> NO
A27: 4.3.3 | B27: Chất hỗ trợ tạo bọt | C27: 1 | D27: 1 | E27: 1 | F27: 1 | G27: 3 | H27: 1 | I27: 2 | J27: 2 | K27: 1 | L27: =+SUMPRODUCT($C$3:$K$3,C27:K27) -> 1.45 | M27: =+IF(L27>=1.6,"YES","NO") -> NO
A28: 4.3.4 | B28: Chất chống xỉ | C28: 1 | D28: 1 | E28: 1 | F28: 1 | G28: 3 | H28: 1 | I28: 2 | J28: 2 | K28: 1 | L28: =+SUMPRODUCT($C$3:$K$3,C28:K28) -> 1.45 | M28: =+IF(L28>=1.6,"YES","NO") -> NO
A29: 4.3.5 | B29: Chất tăng độ bền nhiệt | C29: 1 | D29: 1 | E29: 1 | F29: 1 | G29: 3 | H29: 1 | I29: 2 | J29: 2 | K29: 1 | L29: =+SUMPRODUCT($C$3:$K$3,C29:K29) -> 1.45 | M29: =+IF(L29>=1.6,"YES","NO") -> NO
A30: 4.3.6 | B30: Chất làm lỏng | C30: 1 | D30: 1 | E30: 1 | F30: 1 | G30: 3 | H30: 1 | I30: 2 | J30: 2 | K30: 1 | L30: =+SUMPRODUCT($C$3:$K$3,C30:K30) -> 1.45 | M30: =+IF(L30>=1.6,"YES","NO") -> NO
A31: 4.3.7 | B31: Chất làm mịn bề mặt | C31: 1 | D31: 1 | E31: 1 | F31: 1 | G31: 3 | H31: 1 | I31: 2 | J31: 2 | K31: 1 | L31: =+SUMPRODUCT($C$3:$K$3,C31:K31) -> 1.45 | M31: =+IF(L31>=1.6,"YES","NO") -> NO
A32: 4.3.8 | B32: Chất khử oxy | C32: 1 | D32: 1 | E32: 1 | F32: 1 | G32: 3 | H32: 1 | I32: 2 | J32: 2 | K32: 1 | L32: =+SUMPRODUCT($C$3:$K$3,C32:K32) -> 1.45 | M32: =+IF(L32>=1.6,"YES","NO") -> NO
A33: 4.4 | B33: Hóa chất
A34: 4.4.1 | B34: RP7 | C34: 1 | D34: 1 | E34: 1 | F34: 1 | G34: 3 | H34: 1 | I34: 2 | J34: 2 | K34: 1 | L34: =+SUMPRODUCT($C$3:$K$3,C34:K34) -> 1.45 | M34: =+IF(L34>=1.6,"YES","NO") -> NO
A35: 4.4.2 | B35: Rỉ mật | C35: 1 | D35: 1 | E35: 1 | F35: 1 | G35: 3 | H35: 1 | I35: 2 | J35: 2 | K35: 1 | L35: =+SUMPRODUCT($C$3:$K$3,C35:K35) -> 1.45 | M35: =+IF(L35>=1.6,"YES","NO") -> NO
A36: 4.4.3 | B36: Javen | C36: 1 | D36: 1 | E36: 1 | F36: 1 | G36: 3 | H36: 1 | I36: 2 | J36: 2 | K36: 1 | L36: =+SUMPRODUCT($C$3:$K$3,C36:K36) -> 1.45 | M36: =+IF(L36>=1.6,"YES","NO") -> NO
A37: … | B37: …
A38: 4.5 | B38: Vật tư điện - điện tử | C38: 1 | D38: 1 | E38: 1 | F38: 1 | G38: 3 | H38: 1 | I38: 2 | J38: 2 | K38: 1 | L38: =+SUMPRODUCT($C$3:$K$3,C38:K38) -> 1.45 | M38: =+IF(L38>=1.6,"YES","NO") -> NO
A39: 4.5.1 | B39: …
A40: 4.5.2 | B40: …
A41: 4.6 | B41: Vật tư cơ
A42: 4.6.1 | B42: Đá cắt | C42: 1 | D42: 1 | E42: 1 | F42: 1 | G42: 3 | H42: 1 | I42: 2 | J42: 2 | K42: 1 | L42: =+SUMPRODUCT($C$3:$K$3,C42:K42) -> 1.45 | M42: =+IF(L42>=1.6,"YES","NO") -> NO
A43: 4.6.2 | B43: Đá mài | C43: 1 | D43: 1 | E43: 1 | F43: 1 | G43: 3 | H43: 1 | I43: 2 | J43: 2 | K43: 1 | L43: =+SUMPRODUCT($C$3:$K$3,C43:K43) -> 1.45 | M43: =+IF(L43>=1.6,"YES","NO") -> NO
A44: 4.6.3 | B44: Dao cắt | C44: 1 | D44: 1 | E44: 1 | F44: 1 | G44: 3 | H44: 1 | I44: 2 | J44: 2 | K44: 1 | L44: =+SUMPRODUCT($C$3:$K$3,C44:K44) -> 1.45 | M44: =+IF(L44>=1.6,"YES","NO") -> NO
A45: 4.6.4 | B45: Mũi phay | C45: 1 | D45: 1 | E45: 1 | F45: 1 | G45: 3 | H45: 1 | I45: 2 | J45: 2 | K45: 1 | L45: =+SUMPRODUCT($C$3:$K$3,C45:K45) -> 1.45 | M45: =+IF(L45>=1.6,"YES","NO") -> NO
A46: 4.6.5 | B46: Mũi khoan | C46: 1 | D46: 1 | E46: 1 | F46: 1 | G46: 3 | H46: 1 | I46: 2 | J46: 2 | K46: 1 | L46: =+SUMPRODUCT($C$3:$K$3,C46:K46) -> 1.45 | M46: =+IF(L46>=1.6,"YES","NO") -> NO
A47: 4.6.6 | B47: Trục kẹp | C47: 1 | D47: 1 | E47: 1 | F47: 1 | G47: 3 | H47: 1 | I47: 2 | J47: 2 | K47: 1 | L47: =+SUMPRODUCT($C$3:$K$3,C47:K47) -> 1.45 | M47: =+IF(L47>=1.6,"YES","NO") -> NO
A48: 4.6.7 | B48: Ụ xoay | C48: 1 | D48: 1 | E48: 1 | F48: 1 | G48: 3 | H48: 1 | I48: 2 | J48: 2 | K48: 1 | L48: =+SUMPRODUCT($C$3:$K$3,C48:K48) -> 1.45 | M48: =+IF(L48>=1.6,"YES","NO") -> NO
A49: 4.6.8 | B49: Spindle | C49: 1 | D49: 1 | E49: 1 | F49: 1 | G49: 3 | H49: 1 | I49: 2 | J49: 2 | K49: 1 | L49: =+SUMPRODUCT($C$3:$K$3,C49:K49) -> 1.45 | M49: =+IF(L49>=1.6,"YES","NO") -> NO
A50: 4.6.9 | B50: …..
A51: 4.7 | B51: Mua vật khí nén | C51: 1 | D51: 1 | E51: 1 | F51: 1 | G51: 3 | H51: 1 | I51: 2 | J51: 2 | K51: 1 | L51: =+SUMPRODUCT($C$3:$K$3,C51:K51) -> 1.45 | M51: =+IF(L51>=1.6,"YES","NO") -> NO
A52: 4.7.1 | B52: …
A53: 4.7.2 | B53: …
A54: 4.8 | B54: Dầu thủy lực - bôi trơn
A55: 4.8.1 | B55: Dầu bôi trơn hộp giảm tốc loại Caltex G… | C55: 1 | D55: 1 | E55: 1 | F55: 1 | G55: 3 | H55: 1 | I55: 2 | J55: 2 | K55: 1 | L55: =+SUMPRODUCT($C$3:$K$3,C55:K55) -> 1.45 | M55: =+IF(L55>=1.6,"YES","NO") -> NO
A56: 4.8.2 | B56: Dầu bôi trơn hộp giảm tốc loại Castrol G… | C56: 1 | D56: 1 | E56: 1 | F56: 1 | G56: 3 | H56: 1 | I56: 2 | J56: 2 | K56: 1 | L56: =+SUMPRODUCT($C$3:$K$3,C56:K56) -> 1.45 | M56: =+IF(L56>=1.6,"YES","NO") -> NO
A57: … | B57: …
A58: 4.9 | B58: Dầu tưới nguội | C58: 1 | D58: 1 | E58: 1 | F58: 1 | G58: 3 | H58: 1 | I58: 2 | J58: 2 | K58: 1 | L58: =+SUMPRODUCT($C$3:$K$3,C58:K58) -> 1.45 | M58: =+IF(L58>=1.6,"YES","NO") -> NO
A59: 4.9.1 | B59: …
A60: 4.9.2 | B60: …
A61: 4.10 | B61: Dầu bảo vệ bề mặt | C61: 1 | D61: 1 | E61: 1 | F61: 1 | G61: 3 | H61: 1 | I61: 2 | J61: 2 | K61: 1 | L61: =+SUMPRODUCT($C$3:$K$3,C61:K61) -> 1.45 | M61: =+IF(L61>=1.6,"YES","NO") -> NO
A62: 4.10.1 | B62: …
A63: 4.10.2 | B63: …
A64: 4.11 | B64: Mua máy gia công
A65: 4.11.1 | B65: Máy tiện | C65: 1 | D65: 1 | E65: 1 | F65: 1 | G65: 3 | H65: 1 | I65: 2 | J65: 2 | K65: 1 | L65: =+SUMPRODUCT($C$3:$K$3,C65:K65) -> 1.45 | M65: =+IF(L65>=1.6,"YES","NO") -> NO
A66: 4.11.2 | B66: Máy khoan | C66: 1 | D66: 1 | E66: 1 | F66: 1 | G66: 3 | H66: 1 | I66: 2 | J66: 2 | K66: 1 | L66: =+SUMPRODUCT($C$3:$K$3,C66:K66) -> 1.45 | M66: =+IF(L66>=1.6,"YES","NO") -> NO
A67: 4.11.3 | B67: Máy sọc | C67: 1 | D67: 1 | E67: 1 | F67: 1 | G67: 3 | H67: 1 | I67: 2 | J67: 2 | K67: 1 | L67: =+SUMPRODUCT($C$3:$K$3,C67:K67) -> 1.45 | M67: =+IF(L67>=1.6,"YES","NO") -> NO
A68: 4.11.4 | B68: Máy CNC | C68: 1 | D68: 1 | E68: 1 | F68: 1 | G68: 3 | H68: 1 | I68: 2 | J68: 2 | K68: 1 | L68: =+SUMPRODUCT($C$3:$K$3,C68:K68) -> 1.45 | M68: =+IF(L68>=1.6,"YES","NO") -> NO
A69: 4.11.5 | B69: Trung tâm gia công | C69: 1 | D69: 1 | E69: 1 | F69: 1 | G69: 3 | H69: 1 | I69: 2 | J69: 2 | K69: 1 | L69: =+SUMPRODUCT($C$3:$K$3,C69:K69) -> 1.45 | M69: =+IF(L69>=1.6,"YES","NO") -> NO
A70: … | B70: …
A71: 4.12 | B71: Dịch vụ nhà thầu bảo trì cơ sở hạ tầng, nhà xưởng | C71: 1 | D71: 1 | E71: 1 | F71: 1 | G71: 3 | H71: 2 | I71: 2 | J71: 2 | K71: 1 | L71: =+SUMPRODUCT($C$3:$K$3,C71:K71) -> 1.55 | M71: =+IF(L71>=1.6,"YES","NO") -> NO
A72: 4.12.1 | B72: Xây nhà xưởng | C72: 1 | D72: 1 | E72: 1 | F72: 1 | G72: 3 | H72: 1 | I72: 2 | J72: 2 | K72: 1 | L72: =+SUMPRODUCT($C$3:$K$3,C72:K72) -> 1.45 | M72: =+IF(L72>=1.6,"YES","NO") -> NO
A73: 4.12.2 | B73: Sửa mái nhà xưởng | C73: 1 | D73: 1 | E73: 1 | F73: 1 | G73: 3 | H73: 2 | I73: 2 | J73: 2 | K73: 1 | L73: =+SUMPRODUCT($C$3:$K$3,C73:K73) -> 1.55 | M73: =+IF(L73>=1.6,"YES","NO") -> NO
A74: … | B74: …
A75: 4.13 | B75: Dịch vụ bảo trì, duy tu, sửa chữa các máy móc thiết bị | C75: 1 | D75: 1 | E75: 1 | F75: 1 | G75: 3 | H75: 1 | I75: 2 | J75: 2 | K75: 1 | L75: =+SUMPRODUCT($C$3:$K$3,C75:K75) -> 1.45 | M75: =+IF(L75>=1.6,"YES","NO") -> NO
A76: … | B76: …
A77: 4.14 | B77: Dịch vụ xử lý rác thải của Công ty do nhà cung cấp thực hiện (đốt, chôn lấp, hóa rắn, …) | C77: 1 | D77: 1 | E77: 1 | F77: 1 | G77: 3 | H77: 1 | I77: 2 | J77: 2 | K77: 1 | L77: =+SUMPRODUCT($C$3:$K$3,C77:K77) -> 1.45 | M77: =+IF(L77>=1.6,"YES","NO") -> NO
A78: … | B78: …
A79: 4.15 | B79: Pallet cho kê, đóng gói sản phẩm (gỗ, nhựa), vật tư bao gói: nilon, màng stretch film, hộp các tông, bìa,.. | C79: 1 | D79: 1 | E79: 1 | F79: 1 | G79: 3 | H79: 2 | I79: 2 | J79: 2 | K79: 1 | L79: =+SUMPRODUCT($C$3:$K$3,C79:K79) -> 1.55 | M79: =+IF(L79>=1.6,"YES","NO") -> NO
A80: 4.15.1 | B80: Pallet gỗ | C80: 1 | D80: 1 | E80: 1 | F80: 1 | G80: 3 | H80: 2 | I80: 2 | J80: 2 | K80: 1 | L80: =+SUMPRODUCT($C$3:$K$3,C80:K80) -> 1.55 | M80: =+IF(L80>=1.6,"YES","NO") -> NO
A81: … | B81: …
A82: 4.16 | B82: Thuê dịch vụ bảo vệ | C82: 1 | D82: 1 | E82: 1 | F82: 1 | G82: 3 | H82: 2 | I82: 2 | J82: 2 | K82: 1 | L82: =+SUMPRODUCT($C$3:$K$3,C82:K82) -> 1.55 | M82: =+IF(L82>=1.6,"YES","NO") -> NO
A83: … | B83: …
A84: 4.17 | B84: Vật tư văn phòng cho sản xuất và văn phòng | C84: 1 | D84: 1 | E84: 1 | F84: 1 | G84: 3 | H84: 2 | I84: 2 | J84: 2 | K84: 1 | L84: =+SUMPRODUCT($C$3:$K$3,C84:K84) -> 1.55 | M84: =+IF(L84>=1.6,"YES","NO") -> NO
A85: … | B85: …
A86: 4.18 | B86: …
A87: Cat 5 | B87: Sử dụng các sản phẩm
A88: 5.1 | B88: Việc khách hàng sử dụng các sản phẩm của Công ty và xử lý cuối vòng đời của sản phẩm. | C88: 1 | D88: 1 | E88: 1 | F88: 1 | G88: 3 | H88: 2 | I88: 2 | J88: 2 | K88: 1 | L88: =+SUMPRODUCT($C$3:$K$3,C88:K88) -> 1.55 | M88: =+IF(L88>=1.6,"YES","NO") -> NO
A89: Cat 6 | B89: Các nguồn phát thải khác
A90: 5.2 | B90: Các nguồn phát thải khác | C90: 1 | D90: 1 | E90: 1 | F90: 1 | G90: 3 | H90: 2 | I90: 2 | J90: 2 | K90: 1 | L90: =+SUMPRODUCT($C$3:$K$3,C90:K90) -> 1.55 | M90: =+IF(L90>=1.6,"YES","NO") -> NO

Sheet QT01.BM02
C1: BẢNG CÔNG BỐ PHẠM VI KIỂM KÊ KHÍ NHÀ KÍNH CẤP CƠ SỞ NĂM: 2024 | D1: QT01/BM.03
A3: I. RANH GIỚI TỔ CHỨC
A4: 1. Tên công ty: Công ty TNHH
A5: 2. Địa chỉ trụ sở chính:
A6: 3. Địa chỉ chi nhánh:
A9: 4. Người đại diện theo Pháp luật: Ông Chức vụ: Giám đốc
A10: 5. Giấy phép đăng ký kinh doanh: Mã số
A11: 6. Lĩnh vực sản xuất: Đúc, rèn, gia công cơ khí, lắp ráp
A12: 7. Nguyên tắc quản lý: Quản lý KNK theo nguyên tắc kiểm soát vận hành
A13: II. RANH GIỚI BÁO CÁO
A14: Khoảng thời gian kiểm kê: từ 01/01/2024 đến 31/12/2024
A15: Các nguồn phát thải và loại bỏ KNK áp dụng tính toán định lượng
A16: STT | B16: Mã nguồn Phát thải, loại bỏ KNK | C16: Nguồn phát thải/ Loại bỏ KNK | D16: Quá trình/ khu vực
A17: I | B17: Cat 1 | C17: Phát thải và loại bỏ KNK trực tiếp
B18: 1.1 | C18: Đốt tĩnh
A19: 1 | B19: 1.1.1 | C19: DO máy phát điện | D19: Dùng cho máy phát điện
A20: 2 | B20: 1.1.2 | C20: LPG sản xuất | D20: Sử dụng cho sản xuất (đốt sấy khuôn, chảo rót, hàn…)
A21: 3 | B21: 1.1.3 | C21: LPG nhà bếp | D21: Sử dụng cho bếp gas
A22: 4 | B22: 1.1.4 | C22: Methanol | D22: Sử dụng cho quá trình sản xuất, hệ số quy đổi lít ra kg
A23: 5 | B23: 1.1.5 | C23: Xăng máy cắt cỏ | D23: Sử dụng cho cắt cỏ,…
A24: 6 | B24: 1.1.6 | C24: Dầu hỏa (Kerosene-Oil) | D24: Sử dụng cho quá trình ram chi tiết, cần thống kê loại dầu, thời gian tôi các sản phẩm, nhiệt độ phôi đưa vào tôi, nhiệt độ phôi sau tôi, nhiệt độ dầu lúc tôi.
A25: 7 | B25: 1.1.7 | C25: Nước thủy tinh (Silicate) | D25: Sử dụng cho quá trình trộn hỗn hợp làm thao. Cần phân tích trong thao
A26: 8 | B26: 1.1.8 | C26: Sơn lõi khuôn (BR-750 và Koalid Paste 94I) | D26: Sử dụng cho quá trình sơn lõi khuôn
A27: 9 | B27: 1.1.9 | C27: Cồn công nghiệp C2H5OH | D27: Sử dụng cho quá trình pha sơn dùng để sơn thao.
A28: 10 | B28: 1.1.10 | C28: CO2 sử dụng cho kết dính thao (core mold) | D28: Sử dụng cho quá trình kết dính thao (core mold)
B29: 1.2 | C29: Đốt trong di động
A30: 11 | B30: 1.2.1 | C30: DO dùng cho xe nâng | D30: Sử dụng cho xe nâng vận chuyển
A31: 12 | B31: 1.2.2 | C31: DO dùng cho xe tải và xe car chở CBCNV | D31: Sử dụng cho xe vận chuyển
A32: 13 | B32: 1.2.3 | C32: Xăng dùng cho xe 7 chỗ | D32: Sử dụng cho xe chuyên chở CBCNV của Công ty
B33: 1.3 | C33: Phát thải rò rỉ
A34: 14 | B34: 1.3.1 | C34: CO2 sử dụng cho bình cứu hỏa, diễn tập PCCC | D34: Sử dụng cho bình cứu hỏa, diễn tập PCCC
A35: 15 | B35: 1.3.2 | C35: Môi chất lạnh | D35: Sử dụng môi chất lạnh cho các điều hòa, cấy nước nóng lạnh, tủ đông/ tủ cấp đá, chiller, máy sấy khí,…
A36: 16 | B36: 1.3.3 | C36: Xử lý nước thải tập trung | D36: Phát thải từ xử lý nước thải sinh hoạt, có quan trắc chỉ số Nito tổng và COD ở đầu vào và đầu ra của quá trình (hiếu khí, thiếu khí, kỵ khí)
A37: 17 | B37: 1.3.4 | C37: Số lượng phân bón sử dụng cho cây | D37: Thống kê lượng phân bón sử dụng cho cây
A38: 18 | B38: 1.4 | C38: Cây xanh (nguồn hấp thụ) | D38: Thống kê số lượng cây xanh, loại cây, tuổi cây và đường kính thân cây D1.3
A39: II | B39: Cat 2 | C39: Phát thải gián tiếp từ năng lượng nhập khẩu
A40: 19 | B40: 2.1 | C40: Điện lưới mua về sử dụng | D40: Các quá trình sử dụng điện năng
A41: III | B41: Cat 3 | C41: Phát thải gián tiếp từ hoạt động vận tải
A42: 25 | B42: 3.1 | C42: Nhiên liệu sử dụng DO, xăng | D42: Các hoạt động thuê xe đưa đón CBCNV
A43: =+A42+1 -> 26 | B43: 3.2 | C43: Nhiên liệu sử dụng DO, xăng, nhiên liệu phản lực | D43: Các hoạt động cán bộ công nhân viên đi công tác bằng máy bay, tàu hỏa, tàu biển (DO, xăng, nhiên liệu phản lực)
A44: =+A43+1 -> 27 | B44: 3.3 | C44: Nhiên liệu sử dụng DO, xăng | D44: Hoạt động vận chuyển nguyên vật liệu, hàng hoá từ nhà cung cấp đến Công ty
A45: =+A44+1 -> 28 | B45: 3.4 | C45: Nhiên liệu sử dụng DO, xăng | D45: Hoạt động vận chuyển nguyên vật liệu, hàng hoá từ Công ty đến khách hàng
A46: =+A45+1 -> 29 | B46: 3.5 | C46: Nhiên liệu sử dụng DO | D46: Hoạt động vận chuyển chất thải của nhà thầu xử lý chất thải
A47: =+A46+1 -> 30 | B47: 3.6 | C47: Nhiên liệu sử dụng DO, xăng, điện (xe điện nếu có) | D47: Vận chuyển, đi lại của nhà thầu khác
A48: =+A47+1 -> 31 | B48: 3.7 | C48: Nhiên liệu sử dụng DO, xăng, điện (xe điện nếu có) | D48: Đi làm bằng ô tô, xe máy, xe điện (đạp - máy điện) của công nhân viên
A49: =+A48+1 -> 32 | B49: 3.8 | C49: Môi chất lạnh từ các phương tiện vận chuyển | D49: Môi chất lạnh trong điều hòa của các phương tiện vận chuyển
A50: IV | B50: Cat 4 | C50: Phát thải gián tiếp từ việc tổ chức sử dụng các sản phẩm, dịch vụ.
A51: IV.1 | B51: 4.1 | C51: Thép
A52: =+A49+1 -> 33 | B52: 4.1.1 | C52: Kim loại và thép cơ bản (basic iron and steel) | D52: Các quá trình sản xuất sử dụng kim loại và thép cơ bản
A53: =+A52+1 -> 34 | B53: 4.1.2 | C53: Thép phế (scrap metal) | D53: Quá trình xử lý thép phế và nấu luyện kim loại (các lò trung tần nấu thép,...)
A54: IV.2 | B54: 4.2 | C54: Cát
A55: =+A53+1 -> 35 | B55: 4.2.1 | C55: Cát Silica | D55: Quá trình làm khuôn thao
A56: =+A55+1 -> 36 | B56: 4.2.2 | C56: Cát nhựa | D56: Quá trình làm khuôn thao
A57: IV.3 | B57: 4.3 | C57: Phụ gia/ vật tư phụ khác cho đúc | D57: CO2e
A58: =A56+1 -> 37 | B58: 4.3.1 | C58: Chất kết dính | D58: Quá trình làm khuôn thao
A59: =A58+1 -> 38 | B59: 4.3.2 | C59: Chất làm cứng | D59: Quá trình làm khuôn thao
A60: =A59+1 -> 39 | B60: 4.3.3 | C60: Chất hỗ trợ tạo bọt | D60: Quá trình đúc sản phẩm
A61: =A60+1 -> 40 | B61: 4.3.4 | C61: Chất chống xỉ | D61: Quá trình đúc sản phẩm
A62: =A61+1 -> 41 | B62: 4.3.5 | C62: Chất tăng độ bền nhiệt | D62: Quá trình đúc sản phẩm
A63: =A62+1 -> 42 | B63: 4.3.6 | C63: Chất làm lỏng | D63: Quá trình đúc sản phẩm
A64: =A63+1 -> 43 | B64: 4.3.7 | C64: Chất làm mịn bề mặt | D64: Quá trình đúc sản phẩm
A65: =A64+1 -> 44 | B65: 4.3.8 | C65: Chất khử oxy | D65: Quá trình đúc sản phẩm
B66: 4.4 | C66: Hóa chất
A67: =A65+1 -> 45 | B67: 4.4.1 | C67: RP7 | D67: Quá trình bảo dưỡng
A68: =A67+1 -> 46 | B68: 4.4.2 | C68: Rỉ mật | D68: Quá trình xử lý nước thải
A69: =A68+1 -> 47 | B69: 4.4.3 | C69: Javen | D69: Quá trình xử lý nước thải
B70: … | C70: …
B71: 4.5 | C71: Vật tư điện - điện tử
A72: =A69+1 -> 48 | B72: 4.5.1 | C72: … | D72: Quá trình bảo trì bảo dưỡng máy móc thiết bị
A73: =A72+1 -> 49 | B73: 4.5.2 | C73: … | D73: Quá trình bảo trì bảo dưỡng máy móc thiết bị
B74: 4.6 | C74: Vật tư cơ
A75: =A73+1 -> 50 | B75: 4.6.1 | C75: Đá cắt | D75: Quá trình sản xuất, bảo trì bảo dưỡng máy móc thiết bị
A76: =+A75+1 -> 51 | B76: 4.6.2 | C76: Đá mài | D76: Quá trình sản xuất, bảo trì bảo dưỡng máy móc thiết bị
A77: =+A76+1 -> 52 | B77: 4.6.3 | C77: Dao cắt | D77: Quá trình sản xuất, bảo trì bảo dưỡng máy móc thiết bị
A78: =+A77+1 -> 53 | B78: 4.6.4 | C78: Mũi phay | D78: Quá trình sản xuất, bảo trì bảo dưỡng máy móc thiết bị
A79: =+A78+1 -> 54 | B79: 4.6.5 | C79: Mũi khoan | D79: Quá trình sản xuất, bảo trì bảo dưỡng máy móc thiết bị
A80: =+A79+1 -> 55 | B80: 4.6.6 | C80: Trục kẹp | D80: Quá trình sản xuất, bảo trì bảo dưỡng máy móc thiết bị
A81: =+A80+1 -> 56 | B81: 4.6.7 | C81: Ụ xoay | D81: Quá trình sản xuất, bảo trì bảo dưỡng máy móc thiết bị
A82: =+A81+1 -> 57 | B82: 4.6.8 | C82: Spindle | D82: Quá trình sản xuất, bảo trì bảo dưỡng máy móc thiết bị
B83: 4.6.9 | C83: ….. | D83: Quá trình bảo trì bảo dưỡng máy móc thiết bị
B84: 4.7 | C84: Mua vật khí nén
A85: =A82+1 -> 58 | B85: 4.7.1 | C85: … | D85: Quá trình sản xuất, bảo trì bảo dưỡng máy móc thiết bị
A86: =A85+1 -> 59 | B86: 4.7.2 | C86: … | D86: Quá trình sản xuất, bảo trì bảo dưỡng máy móc thiết bị
B87: 4.8 | C87: Dầu thủy lực - bôi trơn
A88: =A86+1 -> 60 | B88: 4.8.1 | C88: Dầu bôi trơn hộp giảm tốc loại Caltex G… | D88: Quá trình sản xuất, bảo trì bảo dưỡng máy móc thiết bị
A89: =A88+1 -> 61 | B89: 4.8.2 | C89: Dầu bôi trơn hộp giảm tốc loại Castrol G… | D89: Quá trình sản xuất, bảo trì bảo dưỡng máy móc thiết bị
B90: … | C90: … | D90: Quá trình sản xuất, bảo trì bảo dưỡng máy móc thiết bị
B91: 4.9 | C91: Dầu tưới nguội | D91: CO2e
A92: =A89+1 -> 62 | B92: 4.9.1 | C92: … | D92: Quá trình sản xuất, bảo trì bảo dưỡng máy móc thiết bị
A93: =A92+1 -> 63 | B93: 4.9.2 | C93: … | D93: Quá trình sản xuất, bảo trì bảo dưỡng máy móc thiết bị
B94: 4.10 | C94: Dầu bảo vệ bề mặt | D94: CO2e
A95: =A93+1 -> 64 | B95: 4.10.1 | C95: … | D95: Quá trình sản xuất
A96: =A95+1 -> 65 | B96: 4.10.2 | C96: … | D96: Quá trình sản xuất
B97: 4.11 | C97: Mua máy gia công | D97: CO2e
A98: =A96+1 -> 66 | B98: 4.11.1 | C98: Máy tiện | D98: Quá trình sản xuất, bảo trì bảo dưỡng máy móc thiết bị
A99: =A98+1 -> 67 | B99: 4.11.2 | C99: Máy khoan | D99: Quá trình sản xuất, bảo trì bảo dưỡng máy móc thiết bị
A100: =A99+1 -> 68 | B100: 4.11.3 | C100: Máy sọc | D100: Quá trình sản xuất
A101: =A100+1 -> 69 | B101: 4.11.4 | C101: Máy CNC | D101: Quá trình sản xuất
A102: =A101+1 -> 70 | B102: 4.11.5 | C102: Trung tâm gia công | D102: Quá trình sản xuất
B103: … | C103: … | D103: Quá trình sản xuất
...

Sheet QT03BM02.Độ khôngđảmbảotổng..
B1: BẢNG TÍNH TOÁN ĐỘ KHÔNG ĐẢM BẢO CÁC NGUỒN PHÁT THẢI KHÍ NHÀ KÍNH NĂM: 2024 | I1: GHG/QT03.BM02
A4: Cấp chính xác theo Phương pháp thống kê số liệu (M) | F4: Cấp chính xác của hệ số phát thải (F)
A5: Cách thức Method | C5: Điểm Point | F5: Cách thức Method | J5: Điểm Point
A6: Đo liên tục thông qua các thiết bị đo lường phù hợp Continuous measurement through suitable measuring devices | C6: 1 | F6: Hệ số phát thải từ phép đo lường hoặc tính toán cân bằng vật chất Direct measurement / calculation is not based on emission factor | J6: 1
A7: Đo theo tần suất lấy mẫu quy định (Ví dụ: 1 lần/ tháng,…) Measured according to the specified sampling frequency (e.g., once a month, ...). | C7: 2 | F7: Hệ số phát thải từ dữ liệu được cung cấp từ nhà cung cấp bên ngoài cho công ty Emission factor from data provided by an external supplier to the company (published). | J7: 2
F8: Hệ số phát thải có điều chỉnh theo đặc thù của ngành được công bố. Emission factor by industry characteristics (published). | J8: 3
A9: Tự thống kê (qua hoá đơn, ghi chép) Statistically (through invoices, notes) | C9: 3 | F9: Hệ số phát thải có điều chỉnh theo đặc thù của Quốc gia The emission factor is adjusted according to the characteristics of the country | J9: 4
A10: Ước lượng/ Tính toán Estimates | C10: 4 | F10: Hệ số phát thải theo khu vực được công bố. Emission factor by region (published). | J10: 5
F11: Hệ số phát thải theo Quốc tế (IPCC) International emission factor (IPCC) | J11: 6
A13: Mã Nguồn Source Code | B13: Nguồn Source | C13: Phương pháp thống kê số liệu Statistical methods | D13: Điểm (M) Point (M) | E13: Loại hệ số phát thải Type of emission factor | F13: Điểm (F) Point | G13: Điểm cấp chính xác Point accuracy level Ui | H13: Lượng phát thải CO2e | I13: Tỷ lệ % GHG theo nguồn Ratio % GHG by source xi | J13: Quy đổi Convert Ui*xi | K13: Quy đổi Convert (10^-4)*(Ui*xi)^2
A14: Cat 1 | B14: Phát thải trực tiếp
A15: 1.1 | B15: Đốt tĩnh
A16: 1.1.1 | B16: DO Máy phát điện | C16: Tự thống kê (qua hoá đơn, ghi chép) | D16: 3 | E16: QĐ2626/BTNMT | F16: 4 | G16: =+SQRT(D16*F16) -> 3.4641016 | H16: =+'QT02BM01Bảng địnhluongLoaiKhí..'!$G$8 -> 0.95802776 | I16: =+H16/$H$39 -> #REF! | J16: =G16*I16 -> #REF! | K16: =+J16^2/10^-4 -> #REF!
A17: 1.1.2 | B17: LPG sản xuất | C17: Đo theo tần suất lấy mẫu quy định: 01 tháng/ lần | D17: 2 | E17: QĐ2626/BTNMT | F17: 4 | G17: =+SQRT(D17*F17) -> 2.8284271 | H17: =+'QT02BM01Bảng địnhluongLoaiKhí..'!$G$9 -> 83.522361 | I17: =+H17/$H$39 -> #REF! | J17: =G17*I17 -> #REF! | K17: =+J17^2/10^-4 -> #REF!
A18: 1.1.3 | B18: LPG nhà ăn | C18: Đo theo tần suất lấy mẫu quy định: 01 tháng/ lần | D18: 2 | E18: QĐ2626/BTNMT | F18: 4 | G18: =+SQRT(D18*F18) -> 2.8284271 | H18: =+'QT02BM01Bảng địnhluongLoaiKhí..'!$G$10 -> 6.248381 | I18: =+H18/$H$39 -> #REF! | J18: =G18*I18 -> #REF! | K18: =+J18^2/10^-4 -> #REF!
A19: 1.1.5 | B19: Methanol | C19: Đo theo tần suất lấy mẫu quy định: 01 tháng/ lần | D19: 2 | E19: IPCC 2006 | F19: 1 | G19: =+SQRT(D19*F19) -> 1.4142136 | H19: =+'QT02BM01Bảng địnhluongLoaiKhí..'!$G$11 -> 0.275 | I19: =+H19/$H$39 -> #REF! | J19: =G19*I19 -> #REF! | K19: =+J19^2/10^-4 -> #REF!
A20: 1.1.6 | B20: Xăng MCC, PCCC | C20: Tự thống kê (qua hoá đơn, ghi chép) | D20: 3 | E20: QĐ2626/BTNMT | F20: 3 | G20: =+SQRT(D20*F20) -> 3 | H20: =+'QT02BM01Bảng địnhluongLoaiKhí..'!$G$12 -> 0.34751889 | I20: =+H20/$H$39 -> #REF! | J20: =G20*I20 -> #REF! | K20: =+J20^2/10^-4 -> #REF!
A21: 1.1.7 | B21: Dầu hỏa | C21: Đo theo tần suất lấy mẫu quy định: 01 tháng/ lần | D21: 2 | E21: QĐ2626/BTNMT | F21: 4 | G21: =+SQRT(D21*F21) -> 2.8284271 | H21: =+'QT02BM01Bảng địnhluongLoaiKhí..'!$G$13 -> 512.57316 | I21: =+H21/$H$39 -> #REF! | J21: =G21*I21 -> #REF! | K21: =+J21^2/10^-4 -> #REF!
A22: 1.1.8 | B22: Nước thủy tinh (Silicate) | C22: Đo theo tần suất lấy mẫu quy định: 01 tháng/ lần | D22: 2 | E22: IPCC 2006 | F22: 1 | G22: =+SQRT(D22*F22) -> 1.4142136 | H22: =+'QT02BM01Bảng địnhluongLoaiKhí..'!$G$14 -> 1.094552 | I22: =+H22/$H$39 -> #REF! | J22: =G22*I22 -> #REF! | K22: =+J22^2/10^-4 -> #REF!
A23: 1.1.9 | B23: Sơn khuôn BR-750 +sơn thao LOALIDPASTE 94l | C23: Đo theo tần suất lấy mẫu quy định: 01 tháng/ lần | D23: 2 | E23: IPCC 2006 | F23: 1 | G23: =+SQRT(D23*F23) -> 1.4142136 | H23: =+'QT02BM01Bảng địnhluongLoaiKhí..'!$G$15 -> 9.9407865 | I23: =+H23/$H$39 -> #REF! | J23: =G23*I23 -> #REF! | K23: =+J23^2/10^-4 -> #REF!
A24: 1.1.10 | B24: Sơn khuôn - Sepanol | C24: Đo theo tần suất lấy mẫu quy định: 01 tháng/ lần | D24: 2 | E24: IPCC 2006 | F24: 1 | G24: =+SQRT(D24*F24) -> 1.4142136 | H24: =+'QT02BM01Bảng địnhluongLoaiKhí..'!$G$16 -> #REF! | I24: =+H24/$H$39 -> #REF! | J24: =G24*I24 -> #REF! | K24: =+J24^2/10^-4 -> #REF!
A25: 1.1.11 | B25: Cồn công nghiệp C2H5OH | C25: Đo theo tần suất lấy mẫu quy định: 01 tháng/ lần | D25: 2 | E25: IPCC 2006 | F25: 1 | G25: =+SQRT(D25*F25) -> 1.4142136 | H25: =+'QT02BM01Bảng địnhluongLoaiKhí..'!$G$17 -> 59.016019 | I25: =+H25/$H$39 -> #REF! | J25: =G25*I25 -> #REF! | K25: =+J25^2/10^-4 -> #REF!
A26: 1.1.11 | B26: CO2 cho làm thao | C26: Đo theo tần suất lấy mẫu quy định: 01 tháng/ lần | D26: 2 | E26: IPCC 2006 | F26: 1 | G26: =+SQRT(D26*F26) -> 1.4142136 | H26: =+'QT02BM01Bảng địnhluongLoaiKhí..'!$G$18 -> 118.25098 | I26: =+H26/$H$39 -> #REF! | J26: =G26*I26 -> #REF! | K26: =+J26^2/10^-4 -> #REF!
A27: 1.2 | B27: Đốt động off-road (Xe vận chuyển nội bộ trong Nhà máy - Không đăng ký biển kiểm soát)
A28: 1.2.1 | B28: DO xe nâng | C28: Đo theo tần suất lấy mẫu quy định: 01 tháng/ lần | D28: 2 | E28: QĐ2626/BTNMT | F28: 4 | G28: =+SQRT(D28*F28) -> 2.8284271 | H28: =+'QT02BM01Bảng địnhluongLoaiKhí..'!$G$20 -> 45.515836 | I28: =+H28/$H$39 -> #REF! | J28: =G28*I28 -> #REF! | K28: =+J28^2/10^-4 -> #REF!
A29: 1.2.2 | B29: Xăng | C29: Đo theo tần suất lấy mẫu quy định: 01 tháng/ lần | D29: 2 | E29: QĐ2626/BTNMT | F29: 4 | G29: =+SQRT(D29*F29) -> 2.8284271 | I29: =+H29/$H$39 -> #REF! | J29: =G29*I29 -> #REF! | K29: =+J29^2/10^-4 -> #REF!
A30: 1.3 | B30: Đốt động on-road (Xe vận tải, vận chuyển ngoài đường - Có đăng ký biển kiểm soát)
A31: 1.3.1 | B31: DO xe vận tải nội bộ + bên ngoài | C31: Đo theo tần suất lấy mẫu quy định: 01 tháng/ lần | D31: 2 | E31: QĐ2626/BTNMT | F31: 4 | G31: =+SQRT(D31*F31) -> 2.8284271 | H31: =+'QT02BM01Bảng địnhluongLoaiKhí..'!$G$23 -> #REF! | I31: =+H31/$H$39 -> #REF! | J31: =G31*I31 -> #REF! | K31: =+J31^2/10^-4 -> #REF!
A32: 1.3.2 | B32: Xăng xe vận tải bên ngoài | C32: Đo theo tần suất lấy mẫu quy định: 01 tháng/ lần | D32: 2 | E32: QĐ2626/BTNMT | F32: 4 | G32: =+SQRT(D32*F32) -> 2.8284271 | H32: =+'QT02BM01Bảng địnhluongLoaiKhí..'!$G$24 -> 11.86119 | I32: =+H32/$H$39 -> #REF! | J32: =G32*I32 -> #REF! | K32: =+J32^2/10^-4 -> #REF!
A33: 1.4 | B33: Bình chữa cháy CO2 | C33: Tự thống kê (qua hoá đơn, ghi chép) | D33: 3 | E33: TCVN 7026:2013 | F33: 3 | G33: =+SQRT(D33*F33) -> 3 | H33: =+'QT02BM01Bảng địnhluongLoaiKhí..'!$G$25 -> 0.0074 | I33: =+H33/$H$39 -> #REF! | J33: =G33*I33 -> #REF! | K33: =+J33^2/10^-4 -> #REF!
A34: 1.5 | B34: Môi chất lạnh | C34: Tự thống kê (qua hoá đơn, ghi chép) | D34: 3 | E34: IPCC 2006 & 2019 | F34: 4 | G34: =+SQRT(D34*F34) -> 3.4641016 | H34: =+'QT02BM01Bảng địnhluongLoaiKhí..'!$G$26 -> 12.59382 | I34: =+H34/$H$39 -> #REF! | J34: =G34*I34 -> #REF! | K34: =+J34^2/10^-4 -> #REF!
A35: 1.6 | B35: Xử lý nước thải tập trung | C35: Đo theo tần suất lấy mẫu quy định: 01 tháng/ lần | D35: 2 | E35: IPCC 2019 | F35: 4 | G35: =+SQRT(D35*F35) -> 2.8284271 | H35: =+'QT02BM01Bảng địnhluongLoaiKhí..'!$G$27 -> 26.604561 | I35: =+H35/$H$39 -> #REF! | J35: =G35*I35 -> #REF! | K35: =+J35^2/10^-4 -> #REF!
A36: 1.7 | B36: Số lượng phân bón sử dụng cho cây | C36: Tự thống kê (qua ghi chép) | D36: 3 | E36: IPCC 2019 | F36: 6 | G36: =+SQRT(D36*F36) -> 4.2426407 | H36: =+'QT02BM01Bảng địnhluongLoaiKhí..'!$G$28 -> 0.05577 | I36: =+H36/$H$39 -> #REF! | J36: =G36*I36 -> #REF! | K36: =+J36^2/10^-4 -> #REF!
A37: Cat 2 | B37: Phát thải gián tiếp từ năng lượng nhập khẩu
A38: 2.1 | B38: Điện năng mua từ lưới điện EVN sử dụng tại DISOCO | C38: Đo liên tục thông qua các thiết bị đo lường phù hợp | D38: 1 | E38: 1726/BĐKH-PTCBT | F38: 3 | G38: =+SQRT(D38*F38) -> 1.7320508 | H38: =+'QT02BM01Bảng địnhluongLoaiKhí..'!$G$30 -> 15779.5 | I38: =+H38/$H$39 -> #REF! | J38: =G38*I38 -> #REF! | K38: =+J38^2/10^-4 -> #REF!
A39: TỔNG CỘNG (tấn CO2e) | H39: =+SUM(H16:H38) -> #REF! | I39: =+SUM(I16:I38) -> #REF!
A40: Độ không đảm bảo tổng thể U_total | K40: =10^-2*SQRT(SUM(K16:K38)) -> #REF!
A41: Cấp chính xác của bảng số liệu The correct level of the data table | K41: =IF(K40>4,"Level E",IF(K40>3,"Level D",IF(K40>2,"Level C",IF(K40>1,"Level B","Level A")))) -> #REF!
E43: Cấp chính xác | F43: Điểm (x) | G43: Mức độ chính xác
E44: A | F44: x <=1 | G44: Rất tốt Very good
E45: B | F45: 1<x<=2 | G45: Tốt Good
E46: C | F46: 2<x<=3 | G46: Trung bình Medium
E47: D | F47: 3<x<=4 | G47: Kém Bad
E48: E | F48: x>4 | G48: Rất kém Very bad

Sheet QT03BM02.Độ khôngđảmbảotổng
B1: BẢNG TÍNH TOÁN ĐỘ KHÔNG ĐẢM BẢO TỔNG THỂ CÁC NGUỒN PHÁT THẢI KHÍ NHÀ KÍNH NĂM: 2024 | I1: QT03/BM.02
A4: Cấp chính xác theo Phương pháp thống kê số liệu (M) | F4: Cấp chính xác của hệ số phát thải (F)
A5: Cách thức Method | C5: Điểm Point | F5: Cách thức Method | J5: Điểm Point
A6: Đo liên tục thông qua các thiết bị đo lường phù hợp Continuous measurement through suitable measuring devices | C6: 1 | F6: Hệ số phát thải từ phép đo lường hoặc tính toán cân bằng vật chất Direct measurement / calculation is not based on emission factor | J6: 1
A7: Đo theo tần suất lấy mẫu quy định (Ví dụ: 1 lần/ tháng,…) Measured according to the specified sampling frequency (e.g., once a month, ...). | C7: 2 | F7: Hệ số phát thải từ dữ liệu được cung cấp từ nhà cung cấp bên ngoài cho công ty Emission factor from data provided by an external supplier to the company (published). | J7: 2
F8: Hệ số phát thải có điều chỉnh theo đặc thù của ngành được công bố. Emission factor by industry characteristics (published). | J8: 3
A9: Tự thống kê (qua hoá đơn, ghi chép) Statistically (through invoices, notes) | C9: 3 | F9: Hệ số phát thải có điều chỉnh theo đặc thù của Quốc gia The emission factor is adjusted according to the characteristics of the country | J9: 4
A10: Ước lượng/ Tính toán Estimates | C10: 4 | F10: Hệ số phát thải theo khu vực được công bố. Emission factor by region (published). | J10: 5
F11: Hệ số phát thải theo Quốc tế (IPCC) International emission factor (IPCC) | J11: 6
A13: Mã Nguồn Source Code | B13: Nguồn Source | C13: Phương pháp thống kê số liệu Statistical methods | D13: Điểm (M) Point (M) | E13: Loại hệ số phát thải Type of emission factor | F13: Điểm (F) Point | G13: Điểm cấp chính xác Point accuracy level Ui | H13: Lượng phát thải CO2e | I13: Tỷ lệ % GHG theo nguồn Ratio % GHG by source xi | J13: Quy đổi Convert Ui*xi | K13: Quy đổi Convert (10^4)*(Ui*xi)^2 | M13: Do giá trị tính toán (Ui*xi)^2 nhỏ lên nhân với 10 mũ 4 (hay chính là chia cho 10 mũ -4) và kết quả sau khi khai căn nhân với 10 mũ (-2) để format số các chữ số sau dấu phẩy cho dễ nhìn tránh toàn số 0 sau dấu phẩy. Tự tiệt tiêu do nhân 10^4 trong căn với 10^-2 ngoài căn
A14: Cat 1 | B14: Phát thải trực tiếp
A15: 1.1 | B15: Đốt tĩnh
A16: 1.1.1 | B16: DO máy phát điện | C16: Tự thống kê (qua hoá đơn, ghi chép) | D16: 3 | E16: QĐ2626/BTNMT | F16: 4 | G16: =+SQRT(D16*F16) -> 3.4641016 | H16: =+'QT02BM01Bảng địnhluongLoaiKhí..'!$G$8 -> 0.95802776 | I16: =+H16/$H$38 -> 5.6668697e-05 | J16: =G16*I16 -> 0.00019630612 | K16: =+J16^2/10^-4 -> 0.00038536094
A17: 1.1.2 | B17: LPG sản xuất | C17: Đo theo tần suất lấy mẫu quy định: 01 tháng/ lần | D17: 2 | E17: QĐ2626/BTNMT | F17: 4 | G17: =+SQRT(D17*F17) -> 2.8284271 | H17: =+'QT02BM01Bảng địnhluongLoaiKhí..'!$G$9 -> 83.522361 | I17: =+H17/$H$38 -> 0.0049404658 | J17: =G17*I17 -> 0.013973747 | K17: =+J17^2/10^-4 -> 1.9526562
A18: 1.1.3 | B18: LPG nhà bếp | C18: Đo theo tần suất lấy mẫu quy định: 01 tháng/ lần | D18: 2 | E18: QĐ2626/BTNMT | F18: 4 | G18: =+SQRT(D18*F18) -> 2.8284271 | H18: =+'QT02BM01Bảng địnhluongLoaiKhí..'!$G$10 -> 6.248381 | I18: =+H18/$H$38 -> 0.00036960057 | J18: =G18*I18 -> 0.0010453883 | K18: =+J18^2/10^-4 -> 0.010928367
A19: 1.1.4 | B19: Methanol | C19: Đo theo tần suất lấy mẫu quy định: 01 tháng/ lần | D19: 2 | E19: IPCC 2006 | F19: 1 | G19: =+SQRT(D19*F19) -> 1.4142136 | H19: =+'QT02BM01Bảng địnhluongLoaiKhí..'!$G$11 -> 0.275 | I19: =+H19/$H$38 -> 1.6266639e-05 | J19: =G19*I19 -> 2.3004501e-05 | K19: =+J19^2/10^-4 -> 5.2920708e-06
A20: 1.1.5 | B20: Xăng máy cắt cỏ | C20: Tự thống kê (qua hoá đơn, ghi chép) | D20: 3 | E20: QĐ2626/BTNMT | F20: 3 | G20: =+SQRT(D20*F20) -> 3 | H20: =+'QT02BM01Bảng địnhluongLoaiKhí..'!$G$12 -> 0.34751889 | I20: =+H20/$H$38 -> 2.0556234e-05 | J20: =G20*I20 -> 6.1668701e-05 | K20: =+J20^2/10^-4 -> 3.8030287e-05
A21: 1.1.6 | B21: Dầu hỏa (Kerosene-Oil) | C21: Đo theo tần suất lấy mẫu quy định: 01 tháng/ lần | D21: 2 | E21: QĐ2626/BTNMT | F21: 4 | G21: =+SQRT(D21*F21) -> 2.8284271 | H21: =+'QT02BM01Bảng địnhluongLoaiKhí..'!$G$13 -> 512.57316 | I21: =+H21/$H$38 -> 0.030319427 | J21: =G21*I21 -> 0.08575629 | K21: =+J21^2/10^-4 -> 73.541413
A22: 1.1.7 | B22: Nước thủy tinh (Silicate) | C22: Đo theo tần suất lấy mẫu quy định: 01 tháng/ lần | D22: 2 | E22: IPCC 2006 | F22: 1 | G22: =+SQRT(D22*F22) -> 1.4142136 | H22: =+'QT02BM01Bảng địnhluongLoaiKhí..'!$G$14 -> 1.094552 | I22: =+H22/$H$38 -> 6.4744299e-05 | J22: =G22*I22 -> 9.1562265e-05 | K22: =+J22^2/10^-4 -> 8.3836485e-05
A23: 1.1.8 | B23: Sơn lõi khuôn (BR-750 và Koalid Paste 94I) | C23: Đo theo tần suất lấy mẫu quy định: 01 tháng/ lần | D23: 2 | E23: IPCC 2006 | F23: 1 | G23: =+SQRT(D23*F23) -> 1.4142136 | H23: =+'QT02BM01Bảng địnhluongLoaiKhí..'!$G$15 -> 9.9407865 | I23: =+H23/$H$38 -> 0.00058801158 | J23: =G23*I23 -> 0.00083157395 | K23: =+J23^2/10^-4 -> 0.0069151524
A24: 1.1.9 | B24: Cồn công nghiệp C2H5OH | C24: Đo theo tần suất lấy mẫu quy định: 01 tháng/ lần | D24: 2 | E24: IPCC 2006 | F24: 1 | G24: =+SQRT(D24*F24) -> 1.4142136 | H24: =+'QT02BM01Bảng địnhluongLoaiKhí..'!$G$17 -> 59.016019 | I24: =+H24/$H$38 -> 0.003490881 | J24: =G24*I24 -> 0.0049368513 | K24: =+J24^2/10^-4 -> 0.243725
A25: 1.1.10 | B25: CO2 sử dụng cho kết dính thao (core mold) | C25: Đo theo tần suất lấy mẫu quy định: 01 tháng/ lần | D25: 2 | E25: IPCC 2006 | F25: 1 | G25: =+SQRT(D25*F25) -> 1.4142136 | H25: =+'QT02BM01Bảng địnhluongLoaiKhí..'!$G$18 -> 118.25098 | I25: =+H25/$H$38 -> 0.0069947129 | J25: =G25*I25 -> 0.0098920178 | K25: =+J25^2/10^-4 -> 0.97852017
A26: 1.2 | B26: Đốt trong di động
A27: 1.2.1 | B27: DO dùng cho xe nâng | C27: Đo theo tần suất lấy mẫu quy định: 01 tháng/ lần | D27: 2 | E27: QĐ2626/BTNMT | F27: 4 | G27: =+SQRT(D27*F27) -> 2.8284271 | H27: =+'QT02BM01Bảng địnhluongLoaiKhí..'!$G$20 -> 45.515836 | I27: =+H27/$H$38 -> 0.002692326 | J27: =G27*I27 -> 0.007615048 | K27: =+J27^2/10^-4 -> 0.57988956
A28: 1.2.2 | B28: Xăng | C28: Đo theo tần suất lấy mẫu quy định: 01 tháng/ lần | D28: 2 | E28: QĐ2626/BTNMT | F28: 4 | G28: =+SQRT(D28*F28) -> 2.8284271 | I28: =+H28/$H$38 -> 0 | J28: =G28*I28 -> 0 | K28: =+J28^2/10^-4 -> 0
A29: 1.2.2 | B29: DO dùng cho xe tải và xe car chở CBCNV | C29: Đo theo tần suất lấy mẫu quy định: 01 tháng/ lần | D29: 2 | E29: QĐ2626/BTNMT | F29: 4 | G29: =+SQRT(D29*F29) -> 2.8284271 | H29: =+'QT02BM01Bảng địnhluong Loai'!G20 -> 237.40165 | I29: =+H29/$H$38 -> 0.014042644 | J29: =G29*I29 -> 0.039718594 | K29: =+J29^2/10^-4 -> 15.775667
A30: 1.2.3 | B30: Xăng dùng cho xe 7 chỗ | C30: Đo theo tần suất lấy mẫu quy định: 01 tháng/ lần | D30: 2 | E30: QĐ2626/BTNMT | F30: 4 | G30: =+SQRT(D30*F30) -> 2.8284271 | H30: =+'QT02BM01Bảng địnhluongLoaiKhí..'!$G$24 -> 11.86119 | I30: =+H30/$H$38 -> 0.00070160619 | J30: =G30*I30 -> 0.001984442 | K30: =+J30^2/10^-4 -> 0.0393801
A31: 1.3 | B31: Phát thải rò rỉ
A32: 1.3.1 | B32: CO2 sử dụng cho bình cứu hỏa, diễn tập PCCC | C32: Tự thống kê (qua hoá đơn, ghi chép) | D32: 3 | E32: TCVN 7026:2013 | F32: 3 | G32: =+SQRT(D32*F32) -> 3 | H32: =+'QT02BM01Bảng địnhluongLoaiKhí..'!$G$25 -> 0.0074 | I32: =+H32/$H$38 -> 4.3772047e-07 | J32: =G32*I32 -> 1.3131614e-06 | K32: =+J32^2/10^-4 -> 1.7243929e-08
A33: 1.3.2 | B33: Môi chất lạnh | C33: Tự thống kê (qua hoá đơn, ghi chép) | D33: 3 | E33: IPCC 2006 & 2019 | F33: 4 | G33: =+SQRT(D33*F33) -> 3.4641016 | H33: =+'QT02BM01Bảng địnhluongLoaiKhí..'!$G$26 -> 12.59382 | I33: =+H33/$H$38 -> 0.00074494226 | J33: =G33*I33 -> 0.0025805557 | K33: =+J33^2/10^-4 -> 0.066592677
A34: 1.3.3 | B34: Xử lý nước thải tập trung | C34: Đo theo tần suất lấy mẫu quy định: 01 tháng/ lần | D34: 2 | E34: IPCC 2019 | F34: 4 | G34: =+SQRT(D34*F34) -> 2.8284271 | H34: =+'QT02BM01Bảng địnhluongLoaiKhí..'!$G$27 -> 26.604561 | I34: =+H34/$H$38 -> 0.0015736974 | J34: =G34*I34 -> 0.0044510884 | K34: =+J34^2/10^-4 -> 0.19812188
A35: 1.3.4 | B35: Số lượng phân bón sử dụng cho cây | C35: Tự thống kê (qua ghi chép) | D35: 3 | E35: IPCC 2019 | F35: 6 | G35: =+SQRT(D35*F35) -> 4.2426407 | H35: =+'QT02BM01Bảng địnhluongLoaiKhí..'!$G$28 -> 0.05577 | I35: =+H35/$H$38 -> 3.2988744e-06 | J35: =G35*I35 -> 1.3995939e-05 | K35: =+J35^2/10^-4 -> 1.958863e-06
A36: Cat 2 | B36: Phát thải gián tiếp từ năng lượng nhập khẩu
A37: 2.1 | B37: Điện năng mua từ lưới điện EVN sử dụng | C37: Đo liên tục thông qua các thiết bị đo lường phù hợp | D37: 1 | E37: 1726/BĐKH-PTCBT | F37: 3 | G37: =+SQRT(D37*F37) -> 1.7320508 | H37: =+'QT02BM01Bảng địnhluongLoaiKhí..'!$G$30 -> 15779.5 | I37: =+H37/$H$38 -> 0.93337971 | J37: =G37*I37 -> 1.6166611 | K37: =+J37^2/10^-4 -> 26135.931
A38: TỔNG CỘNG (tấn CO2e) | H38: =+SUM(H16:H37) -> 16905.767 | I38: =+SUM(I16:I37) -> 1
A39: Độ không đảm bảo tổng thể U_total | K39: =10^-2*SQRT(SUM(K16:K37)) -> 1.619547
A40: Cấp chính xác của bảng số liệu The correct level of the data table | K40: =IF(K39>4,"Level E",IF(K39>3,"Level D",IF(K39>2,"Level C",IF(K39>1,"Level B","Level A")))) -> Level B
E42: Cấp chính xác | F42: Điểm (x) | G42: Mức độ chính xác
E43: A | F43: x <=1 | G43: Rất tốt Very good
E44: B | F44: 1<x<=2 | G44: Tốt Good
E45: C | F45: 2<x<=3 | G45: Trung bình Medium
E46: D | F46: 3<x<=4 | G46: Kém Bad
E47: E | F47: x>4 | G47: Rất kém Very bad

Sheet QT03BM02.Độ khôngđảmbảo Cat12..
B1: BẢNG TÍNH TOÁN ĐỘ KHÔNG ĐẢM BẢO CÁC NGUỒN PHÁT THẢI KHÍ NHÀ KÍNH NĂM: 2024 | I1: GHG/QT03.BM02
A3: Cấp chính xác theo Phương pháp thống kê số liệu (M) | F3: Cấp chính xác của hệ số phát thải (F)
A4: Cách thức Method | C4: Điểm Point | F4: Cách thức Method | J4: Điểm Point
A5: Đo liên tục thông qua các thiết bị đo lường phù hợp Continuous measurement through suitable measuring devices | C5: 1 | F5: Hệ số phát thải từ phép đo lường hoặc tính toán cân bằng vật chất Direct measurement / calculation is not based on emission factor | J5: 1
A6: Đo theo tần suất lấy mẫu quy định (Ví dụ: 1 lần/ tháng,…) Measured according to the specified sampling frequency (e.g., once a month, ...). | C6: 2 | F6: Hệ số phát thải từ dữ liệu được cung cấp từ nhà cung cấp bên ngoài cho công ty Emission factor from data provided by an external supplier to the company (published). | J6: 2
F7: Hệ số phát thải có điều chỉnh theo đặc thù của ngành được công bố. Emission factor by industry characteristics (published). | J7: 3
A8: Tự thống kê (qua hoá đơn, ghi chép) Statistically (through invoices, notes) | C8: 3 | F8: Hệ số phát thải có điều chỉnh theo đặc thù của Quốc gia The emission factor is adjusted according to the characteristics of the country | J8: 4
A9: Ước lượng/ Tính toán Estimates | C9: 4 | F9: Hệ số phát thải theo khu vực được công bố. Emission factor by region (published). | J9: 5
F10: Hệ số phát thải theo Quốc tế (IPCC) International emission factor (IPCC) | J10: 6
A12: Mã Nguồn Source Code | B12: Nguồn Source | C12: Phương pháp thống kê số liệu Statistical methods | D12: Điểm (M) Point (M) | E12: Loại hệ số phát thải Type of emission factor | F12: Điểm (F) Point | G12: Điểm cấp chính xác Point accuracy level Ui | H12: Lượng phát thải CO2e | I12: Tỷ lệ % GHG theo nguồn Ratio % GHG by source xi | J12: Quy đổi Convert Ui*xi | K12: Quy đổi Convert (10^-4)*(Ui*xi)^2
A13: Cat 1 | B13: Phát thải trực tiếp
A14: Độ không đảm bảo Cat 1 U_total_Cat 1 | K14: =10^-2*SQRT(SUM(K18:K38)) -> #REF!
A15: Cấp chính xác của bảng số liệu The correct level of the data table | K15: =IF(K14>4,"Level E",IF(K14>3,"Level D",IF(K14>2,"Level C",IF(K14>1,"Level B","Level A")))) -> #REF!
A16: TỔNG CỘNG (tấn CO2e) | H16: =+SUM(H18:H38) -> #REF! | I16: =+SUM(I18:I38) -> #REF!
A17: 1.1 | B17: Đốt tĩnh
A18: 1.1.1 | B18: DO Máy phát điện | C18: Tự thống kê (qua hoá đơn, ghi chép) | D18: 3 | E18: QĐ2626/BTNMT | F18: 4 | G18: =+SQRT(D18*F18) -> 3.4641016 | H18: =+'1.1.1 DO Máy phát điện'!$N$25 -> 0.95802776 | I18: =+H18/$H$16 -> #REF! | J18: =G18*I18 -> #REF! | K18: =+J18^2/10^-4 -> #REF!
A19: 1.1.2 | B19: LPG sản xuất | C19: Đo theo tần suất lấy mẫu quy định: 01 tháng/ lần | D19: 2 | E19: QĐ2626/BTNMT | F19: 4 | G19: =+SQRT(D19*F19) -> 2.8284271 | H19: =+'1.1.2 Gas LPG SX'!$N$25 -> 83.522361 | I19: =+H19/$H$16 -> #REF! | J19: =G19*I19 -> #REF! | K19: =+J19^2/10^-4 -> #REF!
A20: 1.1.3 | B20: LPG nhà ăn | C20: Đo theo tần suất lấy mẫu quy định: 01 tháng/ lần | D20: 2 | E20: QĐ2626/BTNMT | F20: 4 | G20: =+SQRT(D20*F20) -> 2.8284271 | H20: =+'1.1.3 Gas LPG Nhà ăn'!$N$25 -> 6.248381 | I20: =+H20/$H$16 -> #REF! | J20: =G20*I20 -> #REF! | K20: =+J20^2/10^-4 -> #REF!
A21: 1.1.5 | B21: Methanol | C21: Đo theo tần suất lấy mẫu quy định: 01 tháng/ lần | D21: 2 | E21: IPCC 2006 | F21: 1 | G21: =+SQRT(D21*F21) -> 1.4142136 | H21: =+'1.1.4 Methanol'!$F$25 -> 0.275 | I21: =+H21/$H$16 -> #REF! | J21: =G21*I21 -> #REF! | K21: =+J21^2/10^-4 -> #REF!
A22: 1.1.6 | B22: Xăng MCC, PCCC | C22: Tự thống kê (qua hoá đơn, ghi chép) | D22: 3 | E22: QĐ2626/BTNMT | F22: 3 | G22: =+SQRT(D22*F22) -> 3 | H22: =+'1.1.5 Xăng MCC '!$N$25 -> 0.34751889 | I22: =+H22/$H$16 -> #REF! | J22: =G22*I22 -> #REF! | K22: =+J22^2/10^-4 -> #REF!
A23: 1.1.7 | B23: Dầu hỏa | C23: Đo theo tần suất lấy mẫu quy định: 01 tháng/ lần | D23: 2 | E23: QĐ2626/BTNMT | F23: 4 | G23: =+SQRT(D23*F23) -> 2.8284271 | H23: =+'1.1.6 Dầu hỏa'!$O$25 -> 512.57316 | I23: =+H23/$H$16 -> #REF! | J23: =G23*I23 -> #REF! | K23: =+J23^2/10^-4 -> #REF!
A24: 1.1.8 | B24: Nước thủy tinh (Silicate) | C24: Đo theo tần suất lấy mẫu quy định: 01 tháng/ lần | D24: 2 | E24: IPCC 2006 | F24: 1 | G24: =+SQRT(D24*F24) -> 1.4142136 | H24: =+'1.1.7 Nước thủy tinh'!$F$25 -> 1.094552 | I24: =+H24/$H$16 -> #REF! | J24: =G24*I24 -> #REF! | K24: =+J24^2/10^-4 -> #REF!
A25: 1.1.9 | B25: Sơn khuôn BR-750 +sơn thao LOALIDPASTE 94l | C25: Đo theo tần suất lấy mẫu quy định: 01 tháng/ lần | D25: 2 | E25: IPCC 2006 | F25: 1 | G25: =+SQRT(D25*F25) -> 1.4142136 | H25: =+'1.1.8.Sơn lõi khuôn BR-750'!$S$26+'1.1.8. Sơn lõi KOALIDPASTE94i'!$Q$26 -> 9.9407865 | I25: =+H25/$H$16 -> #REF! | J25: =G25*I25 -> #REF! | K25: =+J25^2/10^-4 -> #REF!
A26: 1.1.10 | B26: Sơn khuôn - Sepanol | C26: Đo theo tần suất lấy mẫu quy định: 01 tháng/ lần | D26: 2 | E26: IPCC 2006 | F26: 1 | G26: =+SQRT(D26*F26) -> 1.4142136 | H26: =+#REF! -> #REF! | I26: =+H26/$H$16 -> #REF! | J26: =G26*I26 -> #REF! | K26: =+J26^2/10^-4 -> #REF!
A27: 1.1.11 | B27: Cồn công nghiệp C2H5OH | C27: Đo theo tần suất lấy mẫu quy định: 01 tháng/ lần | D27: 2 | E27: IPCC 2006 | F27: 1 | G27: =+SQRT(D27*F27) -> 1.4142136 | H27: =+'1.1.9 Cồn Công nghiệp'!$G$25 -> 59.016019 | I27: =+H27/$H$16 -> #REF! | J27: =G27*I27 -> #REF! | K27: =+J27^2/10^-4 -> #REF!
A28: 1.1.11 | B28: CO2 cho làm thao | C28: Đo theo tần suất lấy mẫu quy định: 01 tháng/ lần | D28: 2 | E28: IPCC 2006 | F28: 1 | G28: =+SQRT(D28*F28) -> 1.4142136 | H28: =+'1.1.10. CO2 kết dính thao'!$J$22 -> 118.25098 | I28: =+H28/$H$16 -> #REF! | J28: =G28*I28 -> #REF! | K28: =+J28^2/10^-4 -> #REF!
A29: 1.2 | B29: Đốt động off-road (Xe vận chuyển nội bộ trong Nhà máy - Không đăng ký biển kiểm soát)
A30: 1.2.1 | B30: DO xe nâng | C30: Đo theo tần suất lấy mẫu quy định: 01 tháng/ lần | D30: 2 | E30: QĐ2626/BTNMT | F30: 4 | G30: =+SQRT(D30*F30) -> 2.8284271 | H30: =+'1.2.1 DO Xe nângNB Offroad'!$N$25 -> 45.515836 | I30: =+H30/$H$16 -> #REF! | J30: =G30*I30 -> #REF! | K30: =+J30^2/10^-4 -> #REF!
A31: 1.2.2 | B31: Xăng | C31: Đo theo tần suất lấy mẫu quy định: 01 tháng/ lần | D31: 2 | E31: QĐ2626/BTNMT | F31: 4 | G31: =+SQRT(D31*F31) -> 2.8284271 | I31: =+H31/$H$16 -> #REF! | J31: =G31*I31 -> #REF! | K31: =+J31^2/10^-4 -> #REF!
A32: 1.3 | B32: Đốt động on-road (Xe vận tải, vận chuyển ngoài đường - Có đăng ký biển kiểm soát)
A33: 1.3.1 | B33: DO xe vận tải nội bộ + bên ngoài | C33: Đo theo tần suất lấy mẫu quy định: 01 tháng/ lần | D33: 2 | E33: QĐ2626/BTNMT | F33: 4 | G33: =+SQRT(D33*F33) -> 2.8284271 | H33: =+'1.2.2 DOXevậntảiBNOnroad'!$P$25 -> 242.95632 | I33: =+H33/$H$16 -> #REF! | J33: =G33*I33 -> #REF! | K33: =+J33^2/10^-4 -> #REF!
A34: 1.3.2 | B34: Xăng xe vận tải bên ngoài | C34: Đo theo tần suất lấy mẫu quy định: 01 tháng/ lần | D34: 2 | E34: QĐ2626/BTNMT | F34: 4 | G34: =+SQRT(D34*F34) -> 2.8284271 | H34: =+'1.2.3 Xăng Xe Onroad'!$N$25 -> 11.86119 | I34: =+H34/$H$16 -> #REF! | J34: =G34*I34 -> #REF! | K34: =+J34^2/10^-4 -> #REF!
A35: 1.4 | B35: Bình chữa cháy CO2 | C35: Tự thống kê (qua hoá đơn, ghi chép) | D35: 3 | E35: TCVN 7026:2013 | F35: 3 | G35: =+SQRT(D35*F35) -> 3 | H35: =+'1.3.1. Bình chữacháyCO2'!$G$22 -> 0.0074 | I35: =+H35/$H$16 -> #REF! | J35: =G35*I35 -> #REF! | K35: =+J35^2/10^-4 -> #REF!
A36: 1.5 | B36: Môi chất lạnh | C36: Tự thống kê (qua hoá đơn, ghi chép) | D36: 3 | E36: IPCC 2006 & 2019 | F36: 4 | G36: =+SQRT(D36*F36) -> 3.4641016 | H36: =+'1.3.2.Môi chất lạnh'!$T$60 -> 12.59382 | I36: =+H36/$H$16 -> #REF! | J36: =G36*I36 -> #REF! | K36: =+J36^2/10^-4 -> #REF!
A37: 1.6 | B37: Xử lý nước thải tập trung | C37: Đo theo tần suất lấy mẫu quy định: 01 tháng/ lần | D37: 2 | E37: IPCC 2019 | F37: 4 | G37: =+SQRT(D37*F37) -> 2.8284271 | H37: =+'1.3.3 BỂ XỬ LÝ NƯỚC THẢI TT '!$K$25+'1.3.3 BỂ XỬ LÝ NƯỚC THẢI TT '!$Q$44+'1.3.3 BỂ XL NƯỚC THẢI TT'!$J$23 -> 26.604561 | I37: =+H37/$H$16 -> #REF! | J37: =G37*I37 -> #REF! | K37: =+J37^2/10^-4 -> #REF!
A38: 1.7 | B38: Số lượng phân bón sử dụng cho cây | C38: Tự thống kê (qua ghi chép) | D38: 3 | E38: IPCC 2019 | F38: 6 | G38: =+SQRT(D38*F38) -> 4.2426407 | H38: =+'1.3.4 Phân bón'!$H$26 -> 0.05577 | I38: =+H38/$H$16 -> #REF! | J38: =G38*I38 -> #REF! | K38: =+J38^2/10^-4 -> #REF!
A39: Cat 2 | B39: Phát thải gián tiếp từ năng lượng nhập khẩu
A40: 2.1 | B40: Điện năng mua từ lưới điện EVN sử dụng tại DISOCO | C40: Đo liên tục thông qua các thiết bị đo lường phù hợp | D40: 1 | E40: 1726/BĐKH-PTCBT | F40: 3 | G40: =+SQRT(D40*F40) -> 1.7320508 | H40: =+'2.1. MUA ĐIỆN NGOÀI '!$H$23 -> 15779.5 | I40: =+H40/$H$41 -> 1 | J40: =G40*I40 -> 1.7320508 | K40: =+J40^2/10^-4 -> 30000
A41: TỔNG CỘNG (tấn CO2e) | H41: =+H40 -> 15779.5 | I41: =+I40 -> 1
A42: Độ không đảm bảo Cat 2 U_total_Cat 2 | K42: =10^-2*SQRT(SUM(K40)) -> 1.7320508
A43: Cấp chính xác của bảng số liệu The correct level of the data table | K43: =IF(K42>4,"Level E",IF(K42>3,"Level D",IF(K42>2,"Level C",IF(K42>1,"Level B","Level A")))) -> Level B
E45: Cấp chính xác | F45: Điểm (x) | G45: Mức độ chính xác
E46: A | F46: x <=1 | G46: Rất tốt Very good
E47: B | F47: 1<x<=2 | G47: Tốt Good
E48: C | F48: 2<x<=3 | G48: Trung bình Medium
E49: D | F49: 3<x<=4 | G49: Kém Bad
E50: E | F50: x>4 | G50: Rất kém Very bad

Sheet QT03BM02.Độkhôngđảmbảo 1.2 
B1: BẢNG TÍNH TOÁN ĐỘ KHÔNG ĐẢM BẢO TỪNG NGUỒN PHÁT THẢI KHÍ NHÀ KÍNH NĂM: 2024 | I1: QT03/BM.02
A3: Cấp chính xác theo Phương pháp thống kê số liệu (M) | F3: Cấp chính xác của hệ số phát thải (F)
A4: Cách thức Method | C4: Điểm Point | F4: Cách thức Method | J4: Điểm Point
A5: Đo liên tục thông qua các thiết bị đo lường phù hợp Continuous measurement through suitable measuring devices | C5: 1 | F5: Hệ số phát thải từ phép đo lường hoặc tính toán cân bằng vật chất Direct measurement / calculation is not based on emission factor | J5: 1
A6: Đo theo tần suất lấy mẫu quy định (Ví dụ: 1 lần/ tháng,…) Measured according to the specified sampling frequency (e.g., once a month, ...). | C6: 2 | F6: Hệ số phát thải từ dữ liệu được cung cấp từ nhà cung cấp bên ngoài cho công ty Emission factor from data provided by an external supplier to the company (published). | J6: 2
F7: Hệ số phát thải có điều chỉnh theo đặc thù của ngành được công bố. Emission factor by industry characteristics (published). | J7: 3
A8: Tự thống kê (qua hoá đơn, ghi chép) Statistically (through invoices, notes) | C8: 3 | F8: Hệ số phát thải có điều chỉnh theo đặc thù của Quốc gia The emission factor is adjusted according to the characteristics of the country | J8: 4
A9: Ước lượng/ Tính toán Estimates | C9: 4 | F9: Hệ số phát thải theo khu vực được công bố. Emission factor by region (published). | J9: 5
F10: Hệ số phát thải theo Quốc tế (IPCC) International emission factor (IPCC) | J10: 6
A12: Mã Nguồn Source Code | B12: Nguồn Source | C12: Phương pháp thống kê số liệu Statistical methods | D12: Điểm (M) Point (M) | E12: Loại hệ số phát thải Type of emission factor | F12: Điểm (F) Point | G12: Điểm cấp chính xác Point accuracy level Ui | H12: Lượng phát thải CO2e | I12: Tỷ lệ % GHG theo nguồn Ratio % GHG by source xi | J12: Quy đổi Convert Ui*xi | K12: Quy đổi Convert (10^-4)*(Ui*xi)^2
A13: Cat 1 | B13: Phát thải trực tiếp
A14: Độ không đảm bảo Cat 1 U_total_Cat 1 | K14: =10^-2*SQRT(SUM(K18:K37)) -> 1.4506203
A15: Cấp chính xác của bảng số liệu The correct level of the data table | K15: =IF(K14>4,"Level E",IF(K14>3,"Level D",IF(K14>2,"Level C",IF(K14>1,"Level B","Level A")))) -> Level B
A16: TỔNG CỘNG (tấn CO2e) | H16: =+SUM(H18:H37) -> 1126.267 | I16: =+SUM(I18:I37) -> 1
A17: 1.1 | B17: Đốt tĩnh
A18: 1.1.1 | B18: DO máy phát điện | C18: Tự thống kê (qua hoá đơn, ghi chép) | D18: 3 | E18: QĐ2626/BTNMT | F18: 4 | G18: =+SQRT(D18*F18) -> 3.4641016 | H18: =+'1.1.1 DO Máy phát điện'!$N$25 -> 0.95802776 | I18: =+H18/$H$16 -> 0.00085062223 | J18: =G18*I18 -> 0.0029466418 | K18: =+J18^2/10^-4 -> 0.086826981
A19: 1.1.2 | B19: LPG sản xuất | C19: Đo theo tần suất lấy mẫu quy định: 01 tháng/ lần | D19: 2 | E19: QĐ2626/BTNMT | F19: 4 | G19: =+SQRT(D19*F19) -> 2.8284271 | H19: =+'1.1.2 Gas LPG SX'!$N$25 -> 83.522361 | I19: =+H19/$H$16 -> 0.074158578 | J19: =G19*I19 -> 0.20975213 | K19: =+J19^2/10^-4 -> 439.95958
A20: 1.1.3 | B20: LPG nhà bếp | C20: Đo theo tần suất lấy mẫu quy định: 01 tháng/ lần | D20: 2 | E20: QĐ2626/BTNMT | F20: 4 | G20: =+SQRT(D20*F20) -> 2.8284271 | H20: =+'1.1.3 Gas LPG Nhà ăn'!$N$25 -> 6.248381 | I20: =+H20/$H$16 -> 0.0055478682 | J20: =G20*I20 -> 0.015691741 | K20: =+J20^2/10^-4 -> 2.4623074
A21: 1.1.4 | B21: Methanol | C21: Đo theo tần suất lấy mẫu quy định: 01 tháng/ lần | D21: 2 | E21: IPCC 2006 | F21: 1 | G21: =+SQRT(D21*F21) -> 1.4142136 | H21: =+'1.1.4 Methanol'!$F$25 -> 0.275 | I21: =+H21/$H$16 -> 0.00024416945 | J21: =G21*I21 -> 0.00034530775 | K21: =+J21^2/10^-4 -> 0.0011923744
A22: 1.1.5 | B22: Xăng máy cắt cỏ | C22: Tự thống kê (qua hoá đơn, ghi chép) | D22: 3 | E22: QĐ2626/BTNMT | F22: 3 | G22: =+SQRT(D22*F22) -> 3 | H22: =+'1.1.5 Xăng MCC '!$N$25 -> 0.34751889 | I22: =+H22/$H$16 -> 0.00030855817 | J22: =G22*I22 -> 0.0009256745 | K22: =+J22^2/10^-4 -> 0.0085687328
A23: 1.1.6 | B23: Dầu hỏa (Kerosene-Oil) | C23: Đo theo tần suất lấy mẫu quy định: 01 tháng/ lần | D23: 2 | E23: QĐ2626/BTNMT | F23: 4 | G23: =+SQRT(D23*F23) -> 2.8284271 | H23: =+'1.1.6 Dầu hỏa'!$O$25 -> 512.57316 | I23: =+H23/$H$16 -> 0.45510802 | J23: =G23*I23 -> 1.2872399 | K23: =+J23^2/10^-4 -> 16569.865
A24: 1.1.7 | B24: Nước thủy tinh (Silicate) | C24: Đo theo tần suất lấy mẫu quy định: 01 tháng/ lần | D24: 2 | E24: IPCC 2006 | F24: 1 | G24: =+SQRT(D24*F24) -> 1.4142136 | H24: =+'1.1.7 Nước thủy tinh'!$F$25 -> 1.094552 | I24: =+H24/$H$16 -> 0.00097184059 | J24: =G24*I24 -> 0.0013743901 | K24: =+J24^2/10^-4 -> 0.018889483
A25: 1.1.8 | B25: Sơn lõi khuôn (BR-750 và Koalid Paste 94I) | C25: Đo theo tần suất lấy mẫu quy định: 01 tháng/ lần | D25: 2 | E25: IPCC 2006 | F25: 1 | G25: =+SQRT(D25*F25) -> 1.4142136 | H25: =+'1.1.8.Sơn lõi khuôn BR-750'!$S$26+'1.1.8. Sơn lõi KOALIDPASTE94i'!$Q$26 -> 9.9407865 | I25: =+H25/$H$16 -> 0.0088263141 | J25: =G25*I25 -> 0.012482293 | K25: =+J25^2/10^-4 -> 1.5580764
A26: 1.1.9 | B26: Cồn công nghiệp C2H5OH | C26: Đo theo tần suất lấy mẫu quy định: 01 tháng/ lần | D26: 2 | E26: IPCC 2006 | F26: 1 | G26: =+SQRT(D26*F26) -> 1.4142136 | H26: =+'1.1.9 Cồn Công nghiệp'!$G$25 -> 59.016019 | I26: =+H26/$H$16 -> 0.052399669 | J26: =G26*I26 -> 0.074104323 | K26: =+J26^2/10^-4 -> 54.914507
A27: 1.1.10 | B27: CO2 sử dụng cho kết dính thao (core mold) | C27: Đo theo tần suất lấy mẫu quy định: 01 tháng/ lần | D27: 2 | E27: IPCC 2006 | F27: 1 | G27: =+SQRT(D27*F27) -> 1.4142136 | H27: =+'1.1.10. CO2 kết dính thao'!$J$22 -> 118.25098 | I27: =+H27/$H$16 -> 0.10499374 | J27: =G27*I27 -> 0.14848357 | K27: =+J27^2/10^-4 -> 220.4737
A28: 1.2 | B28: Đốt trong di động
A29: 1.2.1 | B29: DO dùng cho xe nâng | C29: Đo theo tần suất lấy mẫu quy định: 01 tháng/ lần | D29: 2 | E29: QĐ2626/BTNMT | F29: 4 | G29: =+SQRT(D29*F29) -> 2.8284271 | H29: =+'1.2.1 DO Xe nângNB Offroad'!$N$25 -> 45.515836 | I29: =+H29/$H$16 -> 0.040413006 | J29: =G29*I29 -> 0.11430524 | K29: =+J29^2/10^-4 -> 130.65688
A30: 1.2.2 | B30: Xăng | C30: Đo theo tần suất lấy mẫu quy định: 01 tháng/ lần | D30: 2 | E30: QĐ2626/BTNMT | F30: 4 | G30: =+SQRT(D30*F30) -> 2.8284271 | I30: =+H30/$H$16 -> 0 | J30: =G30*I30 -> 0 | K30: =+J30^2/10^-4 -> 0
A31: 1.2.2 | B31: DO dùng cho xe tải và xe car chở CBCNV | C31: Đo theo tần suất lấy mẫu quy định: 01 tháng/ lần | D31: 2 | E31: QĐ2626/BTNMT | F31: 4 | G31: =+SQRT(D31*F31) -> 2.8284271 | H31: ='1.2.2 DOXevậntảiBNOnroad'!N25 -> 237.40165 | I31: =+H31/$H$16 -> 0.2107863 | J31: =G31*I31 -> 0.59619368 | K31: =+J31^2/10^-4 -> 3554.4691
A32: 1.2.3 | B32: Xăng dùng cho xe 7 chỗ | C32: Đo theo tần suất lấy mẫu quy định: 01 tháng/ lần | D32: 2 | E32: QĐ2626/BTNMT | F32: 4 | G32: =+SQRT(D32*F32) -> 2.8284271 | H32: =+'1.2.3 Xăng Xe Onroad'!$N$25 -> 11.86119 | I32: =+H32/$H$16 -> 0.01053142 | J32: =G32*I32 -> 0.029787353 | K32: =+J32^2/10^-4 -> 8.8728638
A33: 1.3 | B33: Phát thải rò rỉ
A34: 1.3.1 | B34: CO2 sử dụng cho bình cứu hỏa, diễn tập PCCC | C34: Tự thống kê (qua hoá đơn, ghi chép) | D34: 3 | E34: TCVN 7026:2013 | F34: 3 | G34: =+SQRT(D34*F34) -> 3 | H34: =+'1.3.1. Bình chữacháyCO2'!$G$22 -> 0.0074 | I34: =+H34/$H$16 -> 6.570378e-06 | J34: =G34*I34 -> 1.9711134e-05 | K34: =+J34^2/10^-4 -> 3.885288e-06
A35: 1.3.2 | B35: Môi chất lạnh | C35: Tự thống kê (qua hoá đơn, ghi chép) | D35: 3 | E35: IPCC 2006 & 2019 | F35: 4 | G35: =+SQRT(D35*F35) -> 3.4641016 | H35: =+'1.3.2.Môi chất lạnh'!$T$60 -> 12.59382 | I35: =+H35/$H$16 -> 0.011181913 | J35: =G35*I35 -> 0.038735283 | K35: =+J35^2/10^-4 -> 15.004222
A36: 1.3.3 | B36: Xử lý nước thải tập trung | C36: Đo theo tần suất lấy mẫu quy định: 01 tháng/ lần | D36: 2 | E36: IPCC 2019 | F36: 4 | G36: =+SQRT(D36*F36) -> 2.8284271 | H36: =+'1.3.3 BỂ XỬ LÝ NƯỚC THẢI TT '!$K$25+'1.3.3 BỂ XỬ LÝ NƯỚC THẢI TT '!$Q$44+'1.3.3 BỂ XL NƯỚC THẢI TT'!$J$23 -> 26.604561 | I36: =+H36/$H$16 -> 0.023621894 | J36: =G36*I36 -> 0.066812807 | K36: =+J36^2/10^-4 -> 44.639511
A37: 1.3.4 | B37: Số lượng phân bón sử dụng cho cây | C37: Tự thống kê (qua ghi chép) | D37: 3 | E37: IPCC 2019 | F37: 6 | G37: =+SQRT(D37*F37) -> 4.2426407 | H37: =+'1.3.4 Phân bón'!$H$26 -> 0.05577 | I37: =+H37/$H$16 -> 4.9517565e-05 | J37: =G37*I37 -> 0.00021008523 | K37: =+J37^2/10^-4 -> 0.00044135806
A38: Cat 2 | B38: Phát thải gián tiếp từ năng lượng nhập khẩu
A39: 2.1 | B39: Điện năng mua từ lưới điện EVN sử dụng | C39: Đo liên tục thông qua các thiết bị đo lường phù hợp | D39: 1 | E39: 1726/BĐKH-PTCBT | F39: 3 | G39: =+SQRT(D39*F39) -> 1.7320508 | H39: =+'2.1. MUA ĐIỆN NGOÀI '!$H$23 -> 15779.5 | I39: =+H39/$H$40 -> 1 | J39: =G39*I39 -> 1.7320508 | K39: =+J39^2/10^-4 -> 30000
A40: TỔNG CỘNG (tấn CO2e) | H40: =+H39 -> 15779.5 | I40: =+I39 -> 1
A41: Độ không đảm bảo Cat 2 U_total_Cat 2 | K41: =10^-2*SQRT(SUM(K39)) -> 1.7320508
A42: Cấp chính xác của bảng số liệu The correct level of the data table | K42: =IF(K41>4,"Level E",IF(K41>3,"Level D",IF(K41>2,"Level C",IF(K41>1,"Level B","Level A")))) -> Level B
E45: Cấp chính xác | F45: Điểm (x) | G45: Mức độ chính xác
E46: A | F46: x <=1 | G46: Rất tốt Very good
E47: B | F47: 1<x<=2 | G47: Tốt Good
E48: C | F48: 2<x<=3 | G48: Trung bình Medium
E49: D | F49: 3<x<=4 | G49: Kém Bad
E50: E | F50: x>4 | G50: Rất kém Very bad

Sheet QT02BM01Bảng địnhluongLoaiKhí..
C1: BẢNG ĐỊNH LƯỢNG KHÍ NHÀ KÍNH TỔNG HỢP NĂM: 2024 | G1: PHỤ LỤC 6 GHG/QT02/BM01
A3: Scopes and categories | C3: Metric tons CO2e | G3: Total (tons CO2 eq.) | H3: Ratio (%)
A4: Cat 1 | B4: Phát thải và loại bỏ KNK trực tiếp. | C4: CO2 | D4: CH4 | E4: N2O | F4: HFCs | G4: =+SUM(G7:G28) -> #REF! | H4: =G4/$G$31*100 -> #REF!
B5: Tổng phát thải | C5: =+SUM(C8:C18)+C20+SUM(C23:C28) -> #REF! | D5: =+SUM(D8:D18)+D20+SUM(D23:D28) -> #REF! | E5: =+SUM(E8:E18)+E20+SUM(E23:E28) -> #REF! | F5: =+SUM(F8:F18)+F20+SUM(F23:F28) -> 12.59382
B6: Tỉ lệ phát thải (%) | C6: =+C5/$G$4 -> #REF! | D6: =+D5/$G$4 -> #REF! | E6: =+E5/$G$4 -> #REF! | F6: =+F5/$G$4 -> #REF!
A7: 1.1 | B7: Đốt tĩnh | C7: =+C8+C9+C11+C13+C14+C15+C16+C18+C17 -> #REF! | D7: =+D8+D9+D11+D13+D14+D15+D16+D18+D17 -> 0.63262421 | E7: =+E8+E9+E11+E13+E14+E15+E16+E18+E17 -> 1.2019347
A8: 1.1.1 | B8: DO máy phát điện | C8: =+'1.1.1 DO Máy phát điện'!$I$26 -> 0.95483852 | D8: =+'1.1.1 DO Máy phát điện'!$J$26 -> 0.0010785423 | E8: =+'1.1.1 DO Máy phát điện'!$K$26 -> 0.0021106957 | G8: =+'1.1.1 DO Máy phát điện'!$N$25 -> 0.95802776 | H8: =G8/$G$31 -> #REF!
A9: 1.1.2 | B9: LPG sản xuất | C9: =+'1.1.2 Gas LPG SX'!$I$26 -> 83.449359 | D9: =+'1.1.2 Gas LPG SX'!$J$26 -> 0.036897577 | E9: =+'1.1.2 Gas LPG SX'!$K$26 -> 0.036104081 | G9: =+'1.1.2 Gas LPG SX'!$N$25 -> 83.522361 | H9: =G9/$G$31 -> #REF!
A10: 1.1.3 | B10: LPG nhà bếp | C10: =+'1.1.3 Gas LPG Nhà ăn'!$I$26 -> 6.2319074 | D10: =+'1.1.3 Gas LPG Nhà ăn'!$J$26 -> 0.013777355 | E10: =+'1.1.3 Gas LPG Nhà ăn'!$K$26 -> 0.0026962135 | G10: =+'1.1.3 Gas LPG Nhà ăn'!$N$25 -> 6.248381 | H10: =G10/$G$31 -> #REF!
A11: 1.1.5 | B11: Methanol | C11: =+'1.1.4 Methanol'!$F$25 -> 0.275 | G11: =+'1.1.4 Methanol'!$F$25 -> 0.275 | H11: =G11/$G$31 -> #REF!
A12: 1.1.6 | B12: Xăng cho Máy cắt cỏ, diễn tập PCCC | C12: =+'1.1.5 Xăng MCC '!$I$26 -> 0.34531248 | D12: =+'1.1.5 Xăng MCC '!$J$26 -> 0.0013902191 | E12: =+'1.1.5 Xăng MCC '!$K$26 -> 0.00081619312 | G12: =+'1.1.5 Xăng MCC '!$N$25 -> 0.34751889 | H12: =G12/$G$31 -> #REF!
A13: 1.1.7 | B13: Dầu hỏa | C13: =+'1.1.6 Dầu hỏa'!$J$26 -> 510.81479 | D13: =+'1.1.6 Dầu hỏa'!$K$26 -> 0.59464809 | E13: =+'1.1.6 Dầu hỏa'!$L$26 -> 1.1637199 | G13: =+'1.1.6 Dầu hỏa'!$O$25 -> 512.57316 | H13: =G13/$G$31 -> #REF!
A14: 1.1.8 | B14: Nước thủy tinh (Silicate) | C14: =+'1.1.7 Nước thủy tinh'!$F$25 -> 1.094552 | G14: =+'1.1.7 Nước thủy tinh'!$F$25 -> 1.094552 | H14: =G14/$G$31 -> #REF!
A15: 1.1.9 | B15: Sơn khuôn BR-750 + Sơn thao Loalidpaste 94L | C15: =+'1.1.8.Sơn lõi khuôn BR-750'!$S$26+'1.1.8. Sơn lõi KOALIDPASTE94i'!$Q$26 -> 9.9407865 | G15: =+'1.1.8.Sơn lõi khuôn BR-750'!$S$26+'1.1.8. Sơn lõi KOALIDPASTE94i'!$Q$26 -> 9.9407865 | H15: =G15/$G$31 -> #REF!
A16: 1.1.10 | B16: Sơn khuôn - Sepanol | C16: =+#REF! -> #REF! | G16: =+#REF! -> #REF! | H16: =G16/$G$31 -> #REF!
A17: 1.1.11 | B17: Cồn công nghiệp C2H5OH | C17: =+'1.1.9 Cồn Công nghiệp'!$G$25 -> 59.016019 | G17: =+'1.1.9 Cồn Công nghiệp'!$G$25 -> 59.016019 | H17: =G17/$G$31 -> #REF!
A18: 1.1.12 | B18: CO2 kết dính thao | C18: =+'1.1.10. CO2 kết dính thao'!$J$22 -> 118.25098 | G18: =+'1.1.10. CO2 kết dính thao'!$J$22 -> 118.25098 | H18: =G18/$G$31 -> #REF!
A19: 1.2 | B19: Đốt động off-road (Xe vận chuyển nội bộ trong Nhà máy - Không đăng ký biển kiểm soát)
A20: 1.2.1 | B20: DO xe nâng | C20: =+'1.2.1 DO Xe nângNB Offroad'!$I$26 -> 41.118947 | D20: =+'1.2.1 DO Xe nângNB Offroad'!$J$26 -> 0.064250435 | E20: =+'1.2.1 DO Xe nângNB Offroad'!$K$26 -> 4.3326385 | G20: =+'1.2.1 DO Xe nângNB Offroad'!$N$25 -> 45.515836 | H20: =G20/$G$31 -> #REF!
A21: 1.2.2 | B21: Xăng | H21: =G21/$G$31 -> #REF!
A22: 1.3 | B22: Đốt động on-road (Xe vận tải, vận chuyển ngoài đường - Có đăng ký biển kiểm soát) | C22: =+C23+C24 -> #REF! | D22: =+D23+D24 -> #REF! | E22: =+E23+E24 -> #REF! | F22: =+F23+F24 -> 0
A23: 1.3.1 | B23: DO xe vận tải Nội bộ + Bên ngoài | C23: =+#REF!+'1.2.2 DOXevậntảiBNOnroad'!$I$26 -> #REF! | D23: =+#REF!+'1.2.2 DOXevậntảiBNOnroad'!$J$26 -> #REF! | E23: =+#REF!+'1.2.2 DOXevậntảiBNOnroad'!$K$26 -> #REF! | G23: =+#REF!+'1.2.2 DOXevậntảiBNOnroad'!$N$25 -> #REF! | H23: =G23/$G$31 -> #REF!
A24: 1.3.2 | B24: Xăng xe vận tải bên ngoài | C24: =+'1.2.3 Xăng Xe Onroad'!$I$26 -> 11.561834 | D24: =+'1.2.3 Xăng Xe Onroad'!$J$26 -> 0.15360722 | E24: =+'1.2.3 Xăng Xe Onroad'!$K$26 -> 0.14574918 | G24: =+'1.2.3 Xăng Xe Onroad'!$N$25 -> 11.86119 | H24: =G24/$G$31 -> #REF!
A25: 1.4 | B25: Bình chữa cháy CO2 | C25: =+'1.3.1. Bình chữacháyCO2'!$G$22 -> 0.0074 | G25: =+'1.3.1. Bình chữacháyCO2'!$G$22 -> 0.0074 | H25: =G25/$G$31 -> #REF!
A26: 1.5 | B26: Môi chất lạnh | F26: =+'1.3.2.Môi chất lạnh'!$T$60 -> 12.59382 | G26: =+'1.3.2.Môi chất lạnh'!$T$60 -> 12.59382 | H26: =G26/$G$31 -> #REF!
A27: 1.6 | B27: Xử lý nước thải tập trung | D27: =+'1.3.3 BỂ XỬ LÝ NƯỚC THẢI TT '!$K$25 -> 23.251581 | E27: =+'1.3.3 BỂ XỬ LÝ NƯỚC THẢI TT '!$Q$44+'1.3.3 BỂ XL NƯỚC THẢI TT'!$J$23 -> 3.3529795 | G27: =+'1.3.3 BỂ XỬ LÝ NƯỚC THẢI TT '!$K$25+'1.3.3 BỂ XỬ LÝ NƯỚC THẢI TT '!$Q$44+'1.3.3 BỂ XL NƯỚC THẢI TT'!$J$23 -> 26.604561 | H27: =G27/$G$31 -> #REF!
A28: 1.7 | B28: Số lượng phân bón sử dụng cho cây | E28: =+'1.3.4 Phân bón'!$H$26 -> 0.05577 | G28: =+'1.3.4 Phân bón'!$H$26 -> 0.05577 | H28: =G28/$G$31 -> #REF!
A29: Cat 2 | B29: Phát thải gián tiếp từ năng lượng nhập khẩu
A30: 2.1 | B30: Điện năng mua từ lưới điện EVN sử dụng tại DISOCO | C30: =+'2.1. MUA ĐIỆN NGOÀI '!$H$23 -> 15779.5 | G30: =+'2.1. MUA ĐIỆN NGOÀI '!$H$23 -> 15779.5 | H30: =G30/$G$31 -> #REF! | N30: Tên sản phẩm chính | O30: Sản lượng (tấn)
A31: Tổng phát thải Cat 1 và Cat 2 (Tấn CO2e) | G31: =+G4+G30 -> #REF! | H31: =+SUM(H8:H30) -> #REF! | O31: Năm 2023 | P31: Năm 2024
A32: Tổng sản lượng sản phẩm năm 2024 | G32: =+'[2]Bảng SP'!C8 -> 25471.498 | H32: tấn SP | N32: Sản lượng sản phẩm đúc | O32: 5657 | P32: 5974
A33: Chỉ số phát thải trên Sản phẩm quy đổi | G33: =+G31/G32 -> #REF! | H33: tấn CO2e/tấn SP | N33: Sản lượng sản phẩm Rèn | O33: 8086 | P33: 8759
N34: Sản lượng sản phẩm sản xuất cơ khí | O34: 9293 | P34: 9872
N35: Sản lượng sản phẩm sản xuất nhiệt luyện | O35: 904.587 | P35: 866.498
N36: Tổng | O36: =+O32+O33+O34+O35 -> 23940.587 | P36: =+P32+P33+P34+P35 -> 25471.498
N37: Đã Bổ sung số liệu

Sheet QT02BM01Bảng địnhluong Loai
C1: BẢNG ĐỊNH LƯỢNG KHÍ NHÀ KÍNH TỔNG HỢP NĂM: 2024 | G1: QT02/BM.01
A3: Scopes and categories | C3: Metric tons CO2e | G3: Total (tons CO2 eq.) | H3: Ratio (%)
A4: Cat 1 | B4: Phát thải và loại bỏ KNK trực tiếp. | C4: CO2 | D4: CH4 | E4: N2O | F4: HFCs | G4: =+SUM(G7:G26) -> 1126.267 | H4: =G4/$G$29*100 -> 6.6620287
B5: Tổng phát thải | C5: =+SUM(C8:C17)+SUM(C19:C26) -> 1076.7623 | D5: =+SUM(D8:D17)+SUM(D19:D26) -> 24.460401 | E5: =+SUM(E8:E17)+SUM(E19:E26) -> 12.450493 | F5: =+SUM(F8:F17)+F19+SUM(F20:F26) -> 12.59382
B6: Tỉ lệ phát thải (%) | C6: =+C5/$G$4 -> 0.95604531 | D6: =+D5/$G$4 -> 0.021718119 | E6: =+E5/$G$4 -> 0.011054654 | F6: =+F5/$G$4 -> 0.011181913
A7: 1.1 | B7: Đốt tĩnh | C7: =+C8+C9+C11+C13+C14+C15+C17+C16 -> 783.79633 | D7: =+D8+D9+D11+D13+D14+D15+D17+D16 -> 0.63262421 | E7: =+E8+E9+E11+E13+E14+E15+E17+E16 -> 1.2019347
A8: 1.1.1 | B8: DO máy phát điện | C8: =+'1.1.1 DO Máy phát điện'!$I$26 -> 0.95483852 | D8: =+'1.1.1 DO Máy phát điện'!$J$26 -> 0.0010785423 | E8: =+'1.1.1 DO Máy phát điện'!$K$26 -> 0.0021106957 | G8: =+'1.1.1 DO Máy phát điện'!$N$25 -> 0.95802776 | H8: =G8/$G$29 -> 5.6668697e-05
A9: 1.1.2 | B9: LPG sản xuất | C9: =+'1.1.2 Gas LPG SX'!$I$26 -> 83.449359 | D9: =+'1.1.2 Gas LPG SX'!$J$26 -> 0.036897577 | E9: =+'1.1.2 Gas LPG SX'!$K$26 -> 0.036104081 | G9: =+'1.1.2 Gas LPG SX'!$N$25 -> 83.522361 | H9: =G9/$G$29 -> 0.0049404658
A10: 1.1.3 | B10: LPG nhà bếp | C10: =+'1.1.3 Gas LPG Nhà ăn'!$I$26 -> 6.2319074 | D10: =+'1.1.3 Gas LPG Nhà ăn'!$J$26 -> 0.013777355 | E10: =+'1.1.3 Gas LPG Nhà ăn'!$K$26 -> 0.0026962135 | G10: =+'1.1.3 Gas LPG Nhà ăn'!$N$25 -> 6.248381 | H10: =G10/$G$29 -> 0.00036960057
A11: 1.1.4 | B11: Methanol | C11: =+'1.1.4 Methanol'!$F$25 -> 0.275 | G11: =+'1.1.4 Methanol'!$F$25 -> 0.275 | H11: =G11/$G$29 -> 1.6266639e-05
A12: 1.1.5 | B12: Xăng máy cắt cỏ | C12: =+'1.1.5 Xăng MCC '!$I$26 -> 0.34531248 | D12: =+'1.1.5 Xăng MCC '!$J$26 -> 0.0013902191 | E12: =+'1.1.5 Xăng MCC '!$K$26 -> 0.00081619312 | G12: =+'1.1.5 Xăng MCC '!$N$25 -> 0.34751889 | H12: =G12/$G$29 -> 2.0556234e-05
A13: 1.1.6 | B13: Dầu hỏa (Kerosene-Oil) | C13: =+'1.1.6 Dầu hỏa'!$J$26 -> 510.81479 | D13: =+'1.1.6 Dầu hỏa'!$K$26 -> 0.59464809 | E13: =+'1.1.6 Dầu hỏa'!$L$26 -> 1.1637199 | G13: =+'1.1.6 Dầu hỏa'!$O$25 -> 512.57316 | H13: =G13/$G$29 -> 0.030319427
A14: 1.1.7 | B14: Nước thủy tinh (Silicate) | C14: =+'1.1.7 Nước thủy tinh'!$F$25 -> 1.094552 | G14: =+'1.1.7 Nước thủy tinh'!$F$25 -> 1.094552 | H14: =G14/$G$29 -> 6.4744299e-05
A15: 1.1.8 | B15: Sơn lõi khuôn (BR-750 và Koalid Paste 94I) | C15: =+'1.1.8.Sơn lõi khuôn BR-750'!$S$26+'1.1.8. Sơn lõi KOALIDPASTE94i'!$Q$26 -> 9.9407865 | G15: =+'1.1.8.Sơn lõi khuôn BR-750'!$S$26+'1.1.8. Sơn lõi KOALIDPASTE94i'!$Q$26 -> 9.9407865 | H15: =G15/$G$29 -> 0.00058801158
A16: 1.1.9 | B16: Cồn công nghiệp C2H5OH | C16: =+'1.1.9 Cồn Công nghiệp'!$G$25 -> 59.016019 | G16: =+'1.1.9 Cồn Công nghiệp'!$G$25 -> 59.016019 | H16: =G16/$G$29 -> 0.003490881
A17: 1.1.10 | B17: CO2 sử dụng cho kết dính thao (core mold) | C17: =+'1.1.10. CO2 kết dính thao'!$J$22 -> 118.25098 | G17: =+'1.1.10. CO2 kết dính thao'!$J$22 -> 118.25098 | H17: =G17/$G$29 -> 0.0069947129
A18: 1.2 | B18: Đốt trong di động
A19: 1.2.1 | B19: DO dùng cho xe nâng | C19: =+'1.2.1 DO Xe nângNB Offroad'!$I$26 -> 41.118947 | D19: =+'1.2.1 DO Xe nângNB Offroad'!$J$26 -> 0.064250435 | E19: =+'1.2.1 DO Xe nângNB Offroad'!$K$26 -> 4.3326385 | G19: =+'1.2.1 DO Xe nângNB Offroad'!$N$25 -> 45.515836 | H19: =G19/$G$29 -> 0.002692326
A20: 1.2.2 | B20: DO dùng cho xe tải và xe car chở CBCNV | C20: ='1.2.2 DOXevậntảiBNOnroad'!I26 -> 233.70058 | D20: ='1.2.2 DOXevậntảiBNOnroad'!J26 -> 0.34317085 | E20: ='1.2.2 DOXevậntảiBNOnroad'!K26 -> 3.3579083 | G20: ='1.2.2 DOXevậntảiBNOnroad'!N25 -> 237.40165 | H20: =G20/$G$29 -> 0.014042644
A21: 1.2.3 | B21: Xăng dùng cho xe 7 chỗ | C21: =+'1.2.3 Xăng Xe Onroad'!$I$26 -> 11.561834 | D21: =+'1.2.3 Xăng Xe Onroad'!$J$26 -> 0.15360722 | E21: =+'1.2.3 Xăng Xe Onroad'!$K$26 -> 0.14574918 | G21: =+'1.2.3 Xăng Xe Onroad'!$N$25 -> 11.86119 | H21: =G21/$G$29 -> 0.00070160619
A22: 1.3 | B22: Phát thải rò rỉ
A23: 1.3.1 | B23: CO2 sử dụng cho bình cứu hỏa, diễn tập PCCC | C23: =+'1.3.1. Bình chữacháyCO2'!$G$22 -> 0.0074 | G23: =+'1.3.1. Bình chữacháyCO2'!$G$22 -> 0.0074 | H23: =G23/$G$29 -> 4.3772047e-07
A24: 1.3.2 | B24: Môi chất lạnh | F24: =+'1.3.2.Môi chất lạnh'!$T$60 -> 12.59382 | G24: =+'1.3.2.Môi chất lạnh'!$T$60 -> 12.59382 | H24: =G24/$G$29 -> 0.00074494226
A25: 1.3.3 | B25: Xử lý nước thải tập trung | D25: =+'1.3.3 BỂ XỬ LÝ NƯỚC THẢI TT '!$K$25 -> 23.251581 | E25: =+'1.3.3 BỂ XỬ LÝ NƯỚC THẢI TT '!$Q$44+'1.3.3 BỂ XL NƯỚC THẢI TT'!$J$23 -> 3.3529795 | G25: =+'1.3.3 BỂ XỬ LÝ NƯỚC THẢI TT '!$K$25+'1.3.3 BỂ XỬ LÝ NƯỚC THẢI TT '!$Q$44+'1.3.3 BỂ XL NƯỚC THẢI TT'!$J$23 -> 26.604561 | H25: =G25/$G$29 -> 0.0015736974
A26: 1.3.4 | B26: Số lượng phân bón sử dụng cho cây | E26: =+'1.3.4 Phân bón'!$H$26 -> 0.05577 | G26: =+'1.3.4 Phân bón'!$H$26 -> 0.05577 | H26: =G26/$G$29 -> 3.2988744e-06
A27: Cat 2 | B27: Phát thải gián tiếp từ năng lượng nhập khẩu
A28: 2.1 | B28: Điện năng mua từ lưới điện EVN sử dụng | C28: =+'2.1. MUA ĐIỆN NGOÀI '!$H$23 -> 15779.5 | G28: =+'2.1. MUA ĐIỆN NGOÀI '!$H$23 -> 15779.5 | H28: =G28/$G$29 -> 0.93337971 | N28: Tên sản phẩm chính | O28: Sản lượng (tấn)
A29: Tổng phát thải Cat 1 và Cat 2 (Tấn CO2e) | G29: =+G4+G28 -> 16905.767 | H29: =+SUM(H8:H28) -> 1 | O29: Năm 2023 | P29: Năm 2024
A30: Tổng sản lượng sản phẩm năm 2024 | G30: =+'[2]Bảng SP'!C8 -> 25471.498 | H30: tấn SP | N30: Sản lượng sản phẩm đúc | O30: 5657 | P30: 5974
A31: Chỉ số phát thải trên Sản phẩm quy đổi | G31: =+G29/G30 -> 0.66371309 | H31: tấn CO2e/tấn SP | N31: Sản lượng sản phẩm Rèn | O31: 8086 | P31: 8759
N32: Sản lượng sản phẩm sản xuất cơ khí | O32: 9293 | P32: 9872
N33: Sản lượng sản phẩm sản xuất nhiệt luyện | O33: 904.587 | P33: 866.498
N34: Tổng | O34: =+O30+O31+O32+O33 -> 23940.587 | P34: =+P30+P31+P32+P33 -> 25471.498
N35: Đã Bổ sung số liệu

Sheet QT02BM01 Bảng định lượng KNK TH
C1: BẢNG ĐỊNH LƯỢNG KHÍ NHÀ KÍNH TỔNG HỢP NĂM: 2024 | O1: QT02/BM.01
A3: Scopes and categories | C3: Metric tons CO2e | O3: Total (tons CO2 eq.) | P3: Ratio (%)
A4: Cat 1 | B4: Phát thải và loại bỏ KNK trực tiếp. | C4: Jan | D4: Feb | E4: Mar | F4: Apr | G4: May | H4: June | I4: July | J4: August | K4: Sep | L4: Oct | M4: Nov | N4: Dec | O4: =+SUM(O5:O24) -> 1126.267 | P4: =O4/$O$27*100 -> 6.6620287
A5: 1.1 | B5: Đốt tĩnh
A6: 1.1.1 | B6: DO máy phát điện | C6: 0.057736782 | D6: 0.05505135 | E6: 0.063107645 | F6: 0.13292887 | G6: 0.21080639 | H6: 0.099360973 | I6: 0.068478508 | J6: 0.060422213 | K6: 0.063107645 | L6: 0.036253328 | M6: 0.065793077 | N6: 0.044980981 | O6: =+'1.1.1 DO Máy phát điện'!$N$25 -> 0.95802776 | P6: =O6/$O$27*100 -> 0.0056668697
A7: 1.1.2 | B7: LPG sản xuất | C7: 6.5674493 | D7: 5.229464 | E7: 6.7099406 | F7: 6.6830555 | G7: 8.1796632 | H7: 6.0933741 | I7: 7.8062581 | J7: 7.3055965 | K7: 6.7643084 | L7: 7.6413624 | M7: 7.4322555 | N7: 7.1096335 | O7: =+'1.1.2 Gas LPG SX'!$N$25 -> 83.522361 | P7: =O7/$O$27*100 -> 0.49404658
A8: 1.1.3 | B8: LPG nhà bếp | C8: 0.46683306 | D8: 0.46683306 | E8: 0.5027433 | F8: 0.46683306 | G8: 0.46683306 | H8: 0.43092283 | I8: 0.61047401 | J8: 0.43092283 | K8: 0.43092283 | L8: 0.68229448 | M8: 0.57456377 | N8: 0.71820471 | O8: =+'1.1.3 Gas LPG Nhà ăn'!$N$25 -> 6.248381 | P8: =O8/$O$27*100 -> 0.036960057
A9: 1.1.4 | B9: Methanol | C9: 0 | D9: 0.0275 | E9: 0 | F9: 0.0275 | G9: 0.0275 | H9: 0.055 | I9: 0 | J9: 0.0825 | K9: 0 | L9: 0.055 | M9: 0 | N9: 0 | O9: =+'1.1.4 Methanol'!$F$25 -> 0.275 | P9: =O9/$O$27*100 -> 0.0016266639
A10: 1.1.5 | B10: Xăng máy cắt cỏ | C10: 0.022863085 | D10: 0 | E10: 0.022863085 | F10: 0.022863085 | G10: 0 | H10: 0.022863085 | I10: 0.050298786 | J10: 0.045726169 | K10: 0.045726169 | L10: 0.022863085 | M10: 0.045726169 | N10: 0.045726169 | O10: =+'1.1.5 Xăng MCC '!$N$25 -> 0.34751889 | P10: =O10/$O$27*100 -> 0.0020556234
A11: 1.1.6 | B11: Dầu hỏa (Kerosene-Oil) | C11: 40.26271 | D11: 18.303955 | E11: 34.26125 | F11: 43.890049 | G11: 47.574806 | H11: 33.200259 | I11: 51.554143 | J11: 46.154327 | K11: 42.352237 | L11: 52.899729 | M11: 50.490657 | N11: 51.629037 | O11: =+'1.1.6 Dầu hỏa'!$O$25 -> 512.57316 | P11: =O11/$O$27*100 -> 3.0319427
A12: 1.1.7 | B12: Nước thủy tinh (Silicate) | C12: 0.10108 | D12: 0.1444 | E12: 0.1444 | F12: 0.141512 | G12: 0.1444 | H12: 0.1444 | I12: 0.0722 | J12: 0 | K12: 0.02888 | L12: 0.0722 | M12: 0.0722 | N12: 0.02888 | O12: =+'1.1.7 Nước thủy tinh'!$F$25 -> 1.094552 | P12: =O12/$O$27*100 -> 0.0064744299
A13: 1.1.8 | B13: Sơn lõi khuôn (BR-750 và Koalid Paste 94I) | C13: 0.7499385 | D13: 0.5832855 | E13: 1.166571 | F13: 1.4721015 | G13: 1.944285 | H13: 0.50730375 | I13: 0.58486925 | J13: 0.280306 | K13: 0.959509 | L13: 0.4366305 | M13: 0.52018325 | N13: 0.73580325 | O13: =+'1.1.8. Sơn lõi KOALIDPASTE94i'!$Q$26+'1.1.8.Sơn lõi khuôn BR-750'!$S$26 -> 9.9407865 | P13: =O13/$O$27*100 -> 0.058801158
A14: 1.1.9 | B14: Cồn công nghiệp C2H5OH | C14: 3.0806144 | D14: 2.0537429 | E14: 3.0660695 | F14: 4.8885481 | G14: 3.7598622 | H14: 5.2987149 | I14: 5.9866897 | J14: 6.4681266 | K14: 6.6688466 | L14: 6.0361425 | M14: 6.3270409 | N14: 5.381621 | O14: =+'1.1.9 Cồn Công nghiệp'!$G$25 -> 59.016019 | P14: =O14/$O$27*100 -> 0.3490881
A15: 1.1.10 | B15: CO2 sử dụng cho kết dính thao (core mold) | C15: 9.06974 | D15: 5.9495 | E15: 9.391055 | F15: 7.690648 | G15: 18.46697 | H15: 11.66378 | I15: 7.9198 | J15: 9.34065 | K15: 15.10597 | L15: 7.944775 | M15: 8.044675 | N15: 7.66342 | O15: =+'1.1.10. CO2 kết dính thao'!$J$22 -> 118.25098 | P15: =O15/$O$27*100 -> 0.69947129
A16: 1.2 | B16: Đốt trong di động
A17: 1.2.1 | B17: DO dùng cho xe nâng | C17: 4.3433063 | D17: 2.4856985 | E17: 4.0411117 | F17: 3.7122529 | G17: 3.9877833 | H17: 3.8218725 | I17: 4.2247986 | J17: 5.2765543 | K17: 4.1270298 | L17: 2.6901242 | M17: 3.2145207 | N17: 3.5907826 | O17: =+'1.2.1 DO Xe nângNB Offroad'!$N$25 -> 45.515836 | P17: =O17/$O$27*100 -> 0.2692326
A18: 1.2.2 | B18: DO dùng cho xe tải và xe car chở CBCNV | C18: 22.436191 | D18: 12.172422 | E18: 18.254555 | F18: 19.034873 | G18: 20.61998 | H18: 15.981572 | I18: 21.623246 | J18: 20.10883 | K18: 16.405717 | L18: 24.33125 | M18: 22.362781 | N18: 24.070237 | O18: ='1.2.2 DOXevậntảiBNOnroad'!N25 -> 237.40165 | P18: =O18/$O$27*100 -> 1.4042644
A19: 1.2.3 | B19: Xăng dùng cho xe 7 chỗ | C19: 0.67026109 | D19: 0.67096028 | E19: 0.94930543 | F19: 0.87316429 | G19: 1.0759276 | H19: 1.0376124 | I19: 0.98349552 | J19: 0.84724787 | K19: 0.80401499 | L19: 1.1900578 | M19: 1.451203 | N19: 1.3079402 | O19: =+'1.2.3 Xăng Xe Onroad'!$N$25 -> 11.86119 | P19: =O19/$O$27*100 -> 0.070160619
A20: 1.3 | B20: Phát thải rò rỉ
A21: 1.3.1 | B21: CO2 sử dụng cho bình cứu hỏa, diễn tập PCCC | C21: 0.00061666667 | D21: 0.00061666667 | E21: 0.00061666667 | F21: 0.00061666667 | G21: 0.00061666667 | H21: 0.00061666667 | I21: 0.00061666667 | J21: 0.00061666667 | K21: 0.00061666667 | L21: 0.00061666667 | M21: 0.00061666667 | N21: 0.00061666667 | O21: =+'1.3.1. Bình chữacháyCO2'!$G$22 -> 0.0074 | P21: =O21/$O$27*100 -> 4.3772047e-05
A22: 1.3.2 | B22: Môi chất lạnh | C22: =+'1.3.2.Môi chất lạnh'!$T$60 -> 12.59382 | O22: =+'1.3.2.Môi chất lạnh'!$T$60 -> 12.59382 | P22: =O22/$O$27*100 -> 0.074494226
A23: 1.3.3 | B23: Xử lý nước thải tập trung | C23: 2.1661841 | D23: 1.3679517 | E23: 2.0799964 | F23: 1.9721318 | G23: 2.3384829 | H23: 1.9571963 | I23: 2.6540654 | J23: 2.5624173 | K23: 2.2137776 | L23: 2.4905292 | M23: 2.3781238 | N23: 2.423704 | O23: =+'1.3.3 BỂ XỬ LÝ NƯỚC THẢI TT '!$N$25 -> 26.604561 | P23: =O23/$O$27*100 -> 0.15736974
A24: 1.3.4 | B24: Số lượng phân bón sử dụng cho cây | I24: 0.05577 | O24: =+'1.3.4 Phân bón'!$H$26 -> 0.05577 | P24: =O24/$O$27*100 -> 0.00032988744
A25: Cat 2 | B25: Phát thải gián tiếp từ năng lượng nhập khẩu
A26: 2.1 | B26: Điện năng mua từ lưới điện EVN | C26: 1200.7137 | D26: 699.13275 | E26: 1253.1777 | F26: 1229.1781 | G26: 1343.1964 | H26: 1212.8834 | I26: 1428.5761 | J26: 1586.8328 | K26: 1326.5352 | L26: 1518.3663 | M26: 1485.4281 | N26: 1495.4789 | O26: =+'2.1. MUA ĐIỆN NGOÀI '!$H$23 -> 15779.5 | P26: =O26/$O$27*100 -> 93.337971
A27: Tổng phát thải Cat 1 và Cat 2 (Tấn CO2e) | O27: =+O4+O26 -> 16905.767 | P27: =+SUM(P6:P26) -> 100
A28: Tổng sản lượng sản phẩm năm 2024 | O28: 25471.498 | P28: tấn SP
A29: Chỉ số phát thải trên Sản phẩm | O29: =+O27/O28 -> 0.66371309 | P29: tấn CO2e/tấn SP
M30: Doanh thu năm 2024 | O30: 812.38946 | P30: Tỷ
K31: Cường độ phát thải trên doanh thu | O31: =O27/O30 -> 20.809929 | P31: (tấn CO2e/ tỷ VNĐ doanh thu)

Sheet 1.1.1 DO Máy phát điện
C1: GHG EMISSION FROM DO FOR GENSET/ BẢNG TÍNH PHÁT THẢI DẦU DO CHO MÁY PHÁT ĐIỆN YEAR/ NĂM: 2024 | M1: Emission code/ Mã nguồn phát thải 1.1.1
A5: Emission sources: Direct - Stanby-generator
A6: GHG Emissions: CO2, CH4, NO2
A7: Scope: Scope 1 emissions - Direct
A8: Results calculator:
A10: Month | B10: Usage amount (Lít) | C10: Convert Units (Gg) | D10: Net calorific value (TJ/Gg) | E10: Conversion Net Calorific Values (TJ) | F10: Emissions factors (kg of greenhouse gas per TJ on a Net Calorific Basis) | I10: Results calculator | J10: CH4 emissions in metric kg | K10: N2O emissions in metric kg | L10: GWP 100 CH4 | M10: GWP 100 N2O | N10: Total emissions in terms of CO2 equivalents (metric tons)
F11: kg/TJ CO2 | G11: kg/TJ CH4 | H11: kg/TJ N2O | I11: CO2 emissions in metric kg
A12: (1) | B12: (2) | C12: (3) = (2) * 0.84/10^6 | D12: (4) | E12: (5) = (4)*(3) | F12: (6) | G12: (7) | H12: (8) | I12: (9) = (5)*(6) | J12: (10) = (5)*(7) | K12: (11) = (5)*(8) | L12: (12) | M12: (13) | N12: (14) = ((9) + (10)*(12) + (11)*(13))/1000
A13: 1 | B13: 21.5 | C13: =+B13*0.84/10^6 -> 1.806e-05 | D13: 43 | E13: =+C13*D13 -> 0.00077658 | F13: =+$D$35 -> 74100 | G13: =+$D$36 -> 3 | H13: =+$D$37 -> 0.6 | I13: =+E13*F13 -> 57.544578 | J13: =+E13*G13 -> 0.00232974 | K13: =+E13*H13 -> 0.000465948 | L13: 27.9 | M13: 273 | N13: =+(I13+J13*L13+K13*M13)/1000 -> 0.057736782
A14: 2 | B14: 20.5 | C14: =+B14*0.84/10^6 -> 1.722e-05 | D14: 43 | E14: =+C14*D14 -> 0.00074046 | F14: =+$D$35 -> 74100 | G14: =+$D$36 -> 3 | H14: =+$D$37 -> 0.6 | I14: =+E14*F14 -> 54.868086 | J14: =+E14*G14 -> 0.00222138 | K14: =+E14*H14 -> 0.000444276 | L14: 27.9 | M14: 273 | N14: =+(I14+J14*L14+K14*M14)/1000 -> 0.05505135
A15: 3 | B15: 23.5 | C15: =+B15*0.84/10^6 -> 1.974e-05 | D15: 43 | E15: =+C15*D15 -> 0.00084882 | F15: =+$D$35 -> 74100 | G15: =+$D$36 -> 3 | H15: =+$D$37 -> 0.6 | I15: =+E15*F15 -> 62.897562 | J15: =+E15*G15 -> 0.00254646 | K15: =+E15*H15 -> 0.000509292 | L15: 27.9 | M15: 273 | N15: =+(I15+J15*L15+K15*M15)/1000 -> 0.063107645
A16: 4 | B16: 49.5 | C16: =+B16*0.84/10^6 -> 4.158e-05 | D16: 43 | E16: =+C16*D16 -> 0.00178794 | F16: =+$D$35 -> 74100 | G16: =+$D$36 -> 3 | H16: =+$D$37 -> 0.6 | I16: =+E16*F16 -> 132.48635 | J16: =+E16*G16 -> 0.00536382 | K16: =+E16*H16 -> 0.001072764 | L16: 27.9 | M16: 273 | N16: =+(I16+J16*L16+K16*M16)/1000 -> 0.13292887
A17: 5 | B17: 78.5 | C17: =+B17*0.84/10^6 -> 6.594e-05 | D17: 43 | E17: =+C17*D17 -> 0.00283542 | F17: =+$D$35 -> 74100 | G17: =+$D$36 -> 3 | H17: =+$D$37 -> 0.6 | I17: =+E17*F17 -> 210.10462 | J17: =+E17*G17 -> 0.00850626 | K17: =+E17*H17 -> 0.001701252 | L17: 27.9 | M17: 273 | N17: =+(I17+J17*L17+K17*M17)/1000 -> 0.21080639
A18: 6 | B18: 37 | C18: =+B18*0.84/10^6 -> 3.108e-05 | D18: 43 | E18: =+C18*D18 -> 0.00133644 | F18: =+$D$35 -> 74100 | G18: =+$D$36 -> 3 | H18: =+$D$37 -> 0.6 | I18: =+E18*F18 -> 99.030204 | J18: =+E18*G18 -> 0.00400932 | K18: =+E18*H18 -> 0.000801864 | L18: 27.9 | M18: 273 | N18: =+(I18+J18*L18+K18*M18)/1000 -> 0.099360973
A19: 7 | B19: 25.5 | C19: =+B19*0.84/10^6 -> 2.142e-05 | D19: 43 | E19: =+C19*D19 -> 0.00092106 | F19: =+$D$35 -> 74100 | G19: =+$D$36 -> 3 | H19: =+$D$37 -> 0.6 | I19: =+E19*F19 -> 68.250546 | J19: =+E19*G19 -> 0.00276318 | K19: =+E19*H19 -> 0.000552636 | L19: 27.9 | M19: 273 | N19: =+(I19+J19*L19+K19*M19)/1000 -> 0.068478508
A20: 8 | B20: 22.5 | C20: =+B20*0.84/10^6 -> 1.89e-05 | D20: 43 | E20: =+C20*D20 -> 0.0008127 | F20: =+$D$35 -> 74100 | G20: =+$D$36 -> 3 | H20: =+$D$37 -> 0.6 | I20: =+E20*F20 -> 60.22107 | J20: =+E20*G20 -> 0.0024381 | K20: =+E20*H20 -> 0.00048762 | L20: 27.9 | M20: 273 | N20: =+(I20+J20*L20+K20*M20)/1000 -> 0.060422213
A21: 9 | B21: 23.5 | C21: =+B21*0.84/10^6 -> 1.974e-05 | D21: 43 | E21: =+C21*D21 -> 0.00084882 | F21: =+$D$35 -> 74100 | G21: =+$D$36 -> 3 | H21: =+$D$37 -> 0.6 | I21: =+E21*F21 -> 62.897562 | J21: =+E21*G21 -> 0.00254646 | K21: =+E21*H21 -> 0.000509292 | L21: 27.9 | M21: 273 | N21: =+(I21+J21*L21+K21*M21)/1000 -> 0.063107645
A22: 10 | B22: 13.5 | C22: =+B22*0.84/10^6 -> 1.134e-05 | D22: 43 | E22: =+C22*D22 -> 0.00048762 | F22: =+$D$35 -> 74100 | G22: =+$D$36 -> 3 | H22: =+$D$37 -> 0.6 | I22: =+E22*F22 -> 36.132642 | J22: =+E22*G22 -> 0.00146286 | K22: =+E22*H22 -> 0.000292572 | L22: 27.9 | M22: 273 | N22: =+(I22+J22*L22+K22*M22)/1000 -> 0.036253328
A23: 11 | B23: 24.5 | C23: =+B23*0.84/10^6 -> 2.058e-05 | D23: 43 | E23: =+C23*D23 -> 0.00088494 | F23: =+$D$35 -> 74100 | G23: =+$D$36 -> 3 | H23: =+$D$37 -> 0.6 | I23: =+E23*F23 -> 65.574054 | J23: =+E23*G23 -> 0.00265482 | K23: =+E23*H23 -> 0.000530964 | L23: 27.9 | M23: 273 | N23: =+(I23+J23*L23+K23*M23)/1000 -> 0.065793077
A24: 12 | B24: 16.75 | C24: =+B24*0.84/10^6 -> 1.407e-05 | D24: 43 | E24: =+C24*D24 -> 0.00060501 | F24: =+$D$35 -> 74100 | G24: =+$D$36 -> 3 | H24: =+$D$37 -> 0.6 | I24: =+E24*F24 -> 44.831241 | J24: =+E24*G24 -> 0.00181503 | K24: =+E24*H24 -> 0.000363006 | L24: 27.9 | M24: 273 | N24: =+(I24+J24*L24+K24*M24)/1000 -> 0.044980981
A25: Tổng | B25: =SUM(B13:B24) -> 356.75 | C25: =SUM(C13:C24) -> 0.00029967 | E25: =SUM(E13:E24) -> 0.01288581 | I25: =SUM(I13:I24) -> 954.83852 | J25: =SUM(J13:J24) -> 0.03865743 | K25: =SUM(K13:K24) -> 0.007731486 | N25: =SUM(N13:N24) -> 0.95802776
I26: =+I25/1000 -> 0.95483852 | J26: =+J25*L24/1000 -> 0.0010785423 | K26: =+K25*M24/1000 -> 0.0021106957
A28: Nguồn thông tin tham khảo:
A30: Hệ số chuyển đổi | D30: Giá trị | F30: Đơn vị | G30: Nguồn tham khảo
A31: Chuyển đổi đơn vị kg/Gg | D31: *10^-6 | F31: kg/Gg | G31: SI
A32: Tỷ trọng quy đổi dầu DO từ Lít/kg | D32: 0.84 | F32: Lít/kg | G32: TCVN 6594:2000 (ASTM D 1298 - 90)
A33: Hệ số DO máy phát điện | D33: Giá trị | F33: Đơn vị | G33: Nguồn tham khảo | L33: Phương pháp áp dụng theo Hướng dẫn của IPCC
A34: Nhiệt trị dầu DO đốt tĩnh | D34: 43 | F34: TJ/Gg | G34: Bảng 1.2 Volumn 2 Chapter 1 IPCC 2006
A35: Hệ số phát thải CO2 | D35: 74100 | F35: kg/TJ | G35: Quyết định 2626/QĐ-BTNMT Phụ lục 1 STT1.10 | L35: Tier1/ Bậc 1
A36: Hệ số phát thải CH4 | D36: 3 | F36: kg/TJ | G36: Quyết định 2626/QĐ-BTNMT Phụ lục 1 STT1.11 | L36: Tier1/ Bậc 1
A37: Hệ số phát thải N2O | D37: 0.6 | F37: kg/TJ | G37: Quyết định 2626/QĐ-BTNMT Phụ lục 1 STT1.12 | L37: Tier1/ Bậc 1
A38: Hệ số GWP 100 của CH4 | D38: 27.9 | G38: Bảng Table 7.SM.7 IPCC_AR6_WGI_Chapter07_SM
A39: Hệ số GWP 100 của N2O | D39: 273 | G39: Bảng Table 7.SM.7 IPCC_AR6_WGI_Chapter07_SM

Sheet 1.1.2 Gas LPG SX
C1: GHG EMISSION FROM LPG FOR PRODUCTION/ BẢNG TÍNH PHÁT THẢI GAS LPG CHO SẢN XUẤT YEAR/ NĂM: 2024 | M1: Emission code/ Mã nguồn phát thải 1.1.2
A5: Emission sources: Direct - LPG for production
A6: GHG Emissions: CO2, CH4, NO2
A7: Scope: Scope 1 emissions - Direct
A8: Results calculator:
A10: Month | B10: Usage amount (kg) | C10: Convert Units (Gg) | D10: Net calorific value (TJ/Gg) | E10: Conversion Net Calorific Values (TJ) | F10: Emissions factors (kg of greenhouse gas per TJ on a Net Calorific Basis) | I10: Results calculator | L10: GWP 100 CH4 | M10: GWP 100 N2O | N10: Total emissions in terms of CO2 equivalents (metric tons)
F11: kg/TJ CO2 | G11: kg/TJ CH4 | H11: kg/TJ N2O | I11: CO2 emissions in metric kg | J11: CH4 emissions in metric kg | K11: N2O emissions in metric kg
A12: (1) | B12: (2) | C12: (3) = (2) /10^6 | D12: (4) | E12: (5) = (4)*(3) | F12: (6) | G12: (7) | H12: (8) | I12: (9) = (5)*(6) | J12: (10) = (5)*(7) | K12: (11) = (5)*(8) | L12: (12) | M12: (13) | N12: (14) = ((9) + (10)*(12) + (11)*(13))/1000
A13: 1 | B13: 2198.5 | C13: =+B13/10^6 -> 0.0021985 | D13: 47.3 | E13: =+C13*D13 -> 0.10398905 | F13: =+$D$34 -> 63100 | G13: =+$D$35 -> 1 | H13: =+$D$36 -> 0.1 | I13: =+E13*F13 -> 6561.7091 | J13: =+E13*G13 -> 0.10398905 | K13: =+E13*H13 -> 0.010398905 | L13: 27.9 | M13: 273 | N13: =+(I13+J13*L13+K13*M13)/1000 -> 6.5674493
A14: 2 | B14: 1750.6 | C14: =+B14/10^6 -> 0.0017506 | D14: 47.3 | E14: =+C14*D14 -> 0.08280338 | F14: =+$D$34 -> 63100 | G14: =+$D$35 -> 1 | H14: =+$D$36 -> 0.1 | I14: =+E14*F14 -> 5224.8933 | J14: =+E14*G14 -> 0.08280338 | K14: =+E14*H14 -> 0.008280338 | L14: 27.9 | M14: 273 | N14: =+(I14+J14*L14+K14*M14)/1000 -> 5.229464
A15: 3 | B15: 2246.2 | C15: =+B15/10^6 -> 0.0022462 | D15: 47.3 | E15: =+C15*D15 -> 0.10624526 | F15: =+$D$34 -> 63100 | G15: =+$D$35 -> 1 | H15: =+$D$36 -> 0.1 | I15: =+E15*F15 -> 6704.0759 | J15: =+E15*G15 -> 0.10624526 | K15: =+E15*H15 -> 0.010624526 | L15: 27.9 | M15: 273 | N15: =+(I15+J15*L15+K15*M15)/1000 -> 6.7099406
A16: 4 | B16: 2237.2 | C16: =+B16/10^6 -> 0.0022372 | D16: 47.3 | E16: =+C16*D16 -> 0.10581956 | F16: =+$D$34 -> 63100 | G16: =+$D$35 -> 1 | H16: =+$D$36 -> 0.1 | I16: =+E16*F16 -> 6677.2142 | J16: =+E16*G16 -> 0.10581956 | K16: =+E16*H16 -> 0.010581956 | L16: 27.9 | M16: 273 | N16: =+(I16+J16*L16+K16*M16)/1000 -> 6.6830555
A17: 5 | B17: 2738.2 | C17: =+B17/10^6 -> 0.0027382 | D17: 47.3 | E17: =+C17*D17 -> 0.12951686 | F17: =+$D$34 -> 63100 | G17: =+$D$35 -> 1 | H17: =+$D$36 -> 0.1 | I17: =+E17*F17 -> 8172.5139 | J17: =+E17*G17 -> 0.12951686 | K17: =+E17*H17 -> 0.012951686 | L17: 27.9 | M17: 273 | N17: =+(I17+J17*L17+K17*M17)/1000 -> 8.1796632
A18: 6 | B18: 2039.8 | C18: =+B18/10^6 -> 0.0020398 | D18: 47.3 | E18: =+C18*D18 -> 0.09648254 | F18: =+$D$34 -> 63100 | G18: =+$D$35 -> 1 | H18: =+$D$36 -> 0.1 | I18: =+E18*F18 -> 6088.0483 | J18: =+E18*G18 -> 0.09648254 | K18: =+E18*H18 -> 0.009648254 | L18: 27.9 | M18: 273 | N18: =+(I18+J18*L18+K18*M18)/1000 -> 6.0933741
A19: 7 | B19: 2613.2 | C19: =+B19/10^6 -> 0.0026132 | D19: 47.3 | E19: =+C19*D19 -> 0.12360436 | F19: =+$D$34 -> 63100 | G19: =+$D$35 -> 1 | H19: =+$D$36 -> 0.1 | I19: =+E19*F19 -> 7799.4351 | J19: =+E19*G19 -> 0.12360436 | K19: =+E19*H19 -> 0.012360436 | L19: 27.9 | M19: 273 | N19: =+(I19+J19*L19+K19*M19)/1000 -> 7.8062581
A20: 8 | B20: 2445.6 | C20: =+B20/10^6 -> 0.0024456 | D20: 47.3 | E20: =+C20*D20 -> 0.11567688 | F20: =+$D$34 -> 63100 | G20: =+$D$35 -> 1 | H20: =+$D$36 -> 0.1 | I20: =+E20*F20 -> 7299.2111 | J20: =+E20*G20 -> 0.11567688 | K20: =+E20*H20 -> 0.011567688 | L20: 27.9 | M20: 273 | N20: =+(I20+J20*L20+K20*M20)/1000 -> 7.3055965
A21: 9 | B21: 2264.4 | C21: =+B21/10^6 -> 0.0022644 | D21: 47.3 | E21: =+C21*D21 -> 0.10710612 | F21: =+$D$34 -> 63100 | G21: =+$D$35 -> 1 | H21: =+$D$36 -> 0.1 | I21: =+E21*F21 -> 6758.3962 | J21: =+E21*G21 -> 0.10710612 | K21: =+E21*H21 -> 0.010710612 | L21: 27.9 | M21: 273 | N21: =+(I21+J21*L21+K21*M21)/1000 -> 6.7643084
A22: 10 | B22: 2558 | C22: =+B22/10^6 -> 0.002558 | D22: 47.3 | E22: =+C22*D22 -> 0.1209934 | F22: =+$D$34 -> 63100 | G22: =+$D$35 -> 1 | H22: =+$D$36 -> 0.1 | I22: =+E22*F22 -> 7634.6835 | J22: =+E22*G22 -> 0.1209934 | K22: =+E22*H22 -> 0.01209934 | L22: 27.9 | M22: 273 | N22: =+(I22+J22*L22+K22*M22)/1000 -> 7.6413624
A23: 11 | B23: 2488 | C23: =+B23/10^6 -> 0.002488 | D23: 47.3 | E23: =+C23*D23 -> 0.1176824 | F23: =+$D$34 -> 63100 | G23: =+$D$35 -> 1 | H23: =+$D$36 -> 0.1 | I23: =+E23*F23 -> 7425.7594 | J23: =+E23*G23 -> 0.1176824 | K23: =+E23*H23 -> 0.01176824 | L23: 27.9 | M23: 273 | N23: =+(I23+J23*L23+K23*M23)/1000 -> 7.4322555
A24: 12 | B24: 2380 | C24: =+B24/10^6 -> 0.00238 | D24: 47.3 | E24: =+C24*D24 -> 0.112574 | F24: =+$D$34 -> 63100 | G24: =+$D$35 -> 1 | H24: =+$D$36 -> 0.1 | I24: =+E24*F24 -> 7103.4194 | J24: =+E24*G24 -> 0.112574 | K24: =+E24*H24 -> 0.0112574 | L24: 27.9 | M24: 273 | N24: =+(I24+J24*L24+K24*M24)/1000 -> 7.1096335
A25: Tổng | B25: =SUM(B13:B24) -> 27959.7 | C25: =SUM(C13:C24) -> 0.0279597 | E25: =SUM(E13:E24) -> 1.3224938 | I25: =SUM(I13:I24) -> 83449.359 | J25: =SUM(J13:J24) -> 1.3224938 | K25: =SUM(K13:K24) -> 0.13224938 | N25: =SUM(N13:N24) -> 83.522361
I26: =+I25/1000 -> 83.449359 | J26: =+J25*L24/1000 -> 0.036897577 | K26: =+K25*M24/1000 -> 0.036104081
A28: Nguồn thông tin tham khảo:
A30: Hệ số chuyển đổi | D30: Giá trị | F30: Đơn vị | G30: Nguồn tham khảo
A31: Chuyển đổi đơn vị kg/Gg | D31: *10^-6 | F31: kg/Gg | G31: SI
A32: Hệ số gas LPG | D32: Giá trị | F32: Đơn vị | G32: Nguồn tham khảo | L32: Phương pháp áp dụng theo Hướng dẫn của IPCC
A33: Nhiệt trị gas LPG | D33: 47.3 | F33: TJ/Gg | G33: Bảng 1.2 Volumn 2 Chapter 1 IPCC 2006
A34: Hệ số phát thải CO2 | D34: 63100 | F34: kg/TJ | G34: Quyết định 2626/QĐ-BTNMT Phụ lục 1 STT1.34 | L34: Tier1/ Bậc 1
A35: Hệ số phát thải CH4 | D35: 1 | F35: kg/TJ | G35: Quyết định 2626/QĐ-BTNMT Phụ lục 1 STT1.35 | L35: Tier1/ Bậc 1
A36: Hệ số phát thải N2O | D36: 0.1 | F36: kg/TJ | G36: Quyết định 2626/QĐ-BTNMT Phụ lục 1 STT1.36 | L36: Tier1/ Bậc 1
A37: Hệ số GWP 100 của CH4 | D37: 27.9 | G37: Bảng Table 7.SM.7 IPCC_AR6_WGI_Chapter07_SM
A38: Hệ số GWP 100 của N2O | D38: 273 | G38: Bảng Table 7.SM.7 IPCC_AR6_WGI_Chapter07_SM

Sheet 1.1.3 Gas LPG Nhà ăn
C1: GHG EMISSION FROM LPG FOR COOKING/ BẢNG TÍNH PHÁT THẢI GAS LPG CHO NẤU ĂN YEAR/ NĂM: 2024 | M1: Emission code/ Mã nguồn phát thải 1.1.3
A5: Emission sources: Direct - LPG for cooking
A6: GHG Emissions: CO2, CH4, NO2
A7: Scope: Scope 1 emissions - Direct
A8: Results calculator:
A10: Month | B10: Usage amount (kg) | C10: Convert Units (Gg) | D10: Net calorific value (TJ/Gg) | E10: Conversion Net Calorific Values (TJ) | F10: Emissions factors (kg of greenhouse gas per TJ on a Net Calorific Basis) | I10: Results calculator | L10: GWP 100 CH4 | M10: GWP 100 N2O | N10: Total emissions in terms of CO2 equivalents (metric tons)
F11: kg/TJ CO2 | G11: kg/TJ CH4 | H11: kg/TJ N2O | I11: CO2 emissions in metric kg | J11: CH4 emissions in metric kg | K11: N2O emissions in metric kg
A12: (1) | B12: (2) | C12: (3) = (2) /10^6 | D12: (4) | E12: (5) = (4)*(3) | F12: (6) | G12: (7) | H12: (8) | I12: (9) = (5)*(6) | J12: (10) = (5)*(7) | K12: (11) = (5)*(8) | L12: (12) | M12: (13) | N12: (14) = ((9) + (10)*(12) + (11)*(13))/1000
A13: 1 | B13: 156 | C13: =+B13/10^6 -> 0.000156 | D13: 47.3 | E13: =+C13*D13 -> 0.0073788 | F13: =+$D$34 -> 63100 | G13: =+$D$35 -> 5 | H13: =+$D$36 -> 0.1 | I13: =+E13*F13 -> 465.60228 | J13: =+E13*G13 -> 0.036894 | K13: =+E13*H13 -> 0.00073788 | L13: 27.9 | M13: 273 | N13: =+(I13+J13*L13+K13*M13)/1000 -> 0.46683306
A14: 2 | B14: 156 | C14: =+B14/10^6 -> 0.000156 | D14: 47.3 | E14: =+C14*D14 -> 0.0073788 | F14: =+$D$34 -> 63100 | G14: =+$D$35 -> 5 | H14: =+$D$36 -> 0.1 | I14: =+E14*F14 -> 465.60228 | J14: =+E14*G14 -> 0.036894 | K14: =+E14*H14 -> 0.00073788 | L14: 27.9 | M14: 273 | N14: =+(I14+J14*L14+K14*M14)/1000 -> 0.46683306
A15: 3 | B15: 168 | C15: =+B15/10^6 -> 0.000168 | D15: 47.3 | E15: =+C15*D15 -> 0.0079464 | F15: =+$D$34 -> 63100 | G15: =+$D$35 -> 5 | H15: =+$D$36 -> 0.1 | I15: =+E15*F15 -> 501.41784 | J15: =+E15*G15 -> 0.039732 | K15: =+E15*H15 -> 0.00079464 | L15: 27.9 | M15: 273 | N15: =+(I15+J15*L15+K15*M15)/1000 -> 0.5027433
A16: 4 | B16: 156 | C16: =+B16/10^6 -> 0.000156 | D16: 47.3 | E16: =+C16*D16 -> 0.0073788 | F16: =+$D$34 -> 63100 | G16: =+$D$35 -> 5 | H16: =+$D$36 -> 0.1 | I16: =+E16*F16 -> 465.60228 | J16: =+E16*G16 -> 0.036894 | K16: =+E16*H16 -> 0.00073788 | L16: 27.9 | M16: 273 | N16: =+(I16+J16*L16+K16*M16)/1000 -> 0.46683306
A17: 5 | B17: 156 | C17: =+B17/10^6 -> 0.000156 | D17: 47.3 | E17: =+C17*D17 -> 0.0073788 | F17: =+$D$34 -> 63100 | G17: =+$D$35 -> 5 | H17: =+$D$36 -> 0.1 | I17: =+E17*F17 -> 465.60228 | J17: =+E17*G17 -> 0.036894 | K17: =+E17*H17 -> 0.00073788 | L17: 27.9 | M17: 273 | N17: =+(I17+J17*L17+K17*M17)/1000 -> 0.46683306
A18: 6 | B18: 144 | C18: =+B18/10^6 -> 0.000144 | D18: 47.3 | E18: =+C18*D18 -> 0.0068112 | F18: =+$D$34 -> 63100 | G18: =+$D$35 -> 5 | H18: =+$D$36 -> 0.1 | I18: =+E18*F18 -> 429.78672 | J18: =+E18*G18 -> 0.034056 | K18: =+E18*H18 -> 0.00068112 | L18: 27.9 | M18: 273 | N18: =+(I18+J18*L18+K18*M18)/1000 -> 0.43092283
A19: 7 | B19: 204 | C19: =+B19/10^6 -> 0.000204 | D19: 47.3 | E19: =+C19*D19 -> 0.0096492 | F19: =+$D$34 -> 63100 | G19: =+$D$35 -> 5 | H19: =+$D$36 -> 0.1 | I19: =+E19*F19 -> 608.86452 | J19: =+E19*G19 -> 0.048246 | K19: =+E19*H19 -> 0.00096492 | L19: 27.9 | M19: 273 | N19: =+(I19+J19*L19+K19*M19)/1000 -> 0.61047401
A20: 8 | B20: 144 | C20: =+B20/10^6 -> 0.000144 | D20: 47.3 | E20: =+C20*D20 -> 0.0068112 | F20: =+$D$34 -> 63100 | G20: =+$D$35 -> 5 | H20: =+$D$36 -> 0.1 | I20: =+E20*F20 -> 429.78672 | J20: =+E20*G20 -> 0.034056 | K20: =+E20*H20 -> 0.00068112 | L20: 27.9 | M20: 273 | N20: =+(I20+J20*L20+K20*M20)/1000 -> 0.43092283
A21: 9 | B21: 144 | C21: =+B21/10^6 -> 0.000144 | D21: 47.3 | E21: =+C21*D21 -> 0.0068112 | F21: =+$D$34 -> 63100 | G21: =+$D$35 -> 5 | H21: =+$D$36 -> 0.1 | I21: =+E21*F21 -> 429.78672 | J21: =+E21*G21 -> 0.034056 | K21: =+E21*H21 -> 0.00068112 | L21: 27.9 | M21: 273 | N21: =+(I21+J21*L21+K21*M21)/1000 -> 0.43092283
A22: 10 | B22: 228 | C22: =+B22/10^6 -> 0.000228 | D22: 47.3 | E22: =+C22*D22 -> 0.0107844 | F22: =+$D$34 -> 63100 | G22: =+$D$35 -> 5 | H22: =+$D$36 -> 0.1 | I22: =+E22*F22 -> 680.49564 | J22: =+E22*G22 -> 0.053922 | K22: =+E22*H22 -> 0.00107844 | L22: 27.9 | M22: 273 | N22: =+(I22+J22*L22+K22*M22)/1000 -> 0.68229448
A23: 11 | B23: 192 | C23: =+B23/10^6 -> 0.000192 | D23: 47.3 | E23: =+C23*D23 -> 0.0090816 | F23: =+$D$34 -> 63100 | G23: =+$D$35 -> 5 | H23: =+$D$36 -> 0.1 | I23: =+E23*F23 -> 573.04896 | J23: =+E23*G23 -> 0.045408 | K23: =+E23*H23 -> 0.00090816 | L23: 27.9 | M23: 273 | N23: =+(I23+J23*L23+K23*M23)/1000 -> 0.57456377
A24: 12 | B24: 240 | C24: =+B24/10^6 -> 0.00024 | D24: 47.3 | E24: =+C24*D24 -> 0.011352 | F24: =+$D$34 -> 63100 | G24: =+$D$35 -> 5 | H24: =+$D$36 -> 0.1 | I24: =+E24*F24 -> 716.3112 | J24: =+E24*G24 -> 0.05676 | K24: =+E24*H24 -> 0.0011352 | L24: 27.9 | M24: 273 | N24: =+(I24+J24*L24+K24*M24)/1000 -> 0.71820471
A25: Tổng | B25: =SUM(B13:B24) -> 2088 | C25: =SUM(C13:C24) -> 0.002088 | E25: =SUM(E13:E24) -> 0.0987624 | I25: =SUM(I13:I24) -> 6231.9074 | J25: =SUM(J13:J24) -> 0.493812 | K25: =SUM(K13:K24) -> 0.00987624 | N25: =SUM(N13:N24) -> 6.248381
I26: =+I25/1000 -> 6.2319074 | J26: =+J25*L24/1000 -> 0.013777355 | K26: =+K25*M24/1000 -> 0.0026962135
A28: Nguồn thông tin tham khảo:
A30: Hệ số chuyển đổi | D30: Giá trị | F30: Đơn vị | G30: Nguồn tham khảo
A31: Chuyển đổi đơn vị kg/Gg | D31: *10^-6 | F31: kg/Gg | G31: SI
A32: Hệ số gas LPG | D32: Giá trị | F32: Đơn vị | G32: Nguồn tham khảo | L32: Phương pháp áp dụng theo Hướng dẫn của IPCC
A33: Nhiệt trị gas LPG | D33: 47.3 | F33: TJ/Gg | G33: Bảng 1.2 Volumn 2 Chapter 1 IPCC 2006
A34: Hệ số phát thải CO2 | D34: 63100 | F34: kg/TJ | G34: Quyết định 2626/QĐ-BTNMT Phụ lục 1 STT1.85 | L34: Tier1/ Bậc 1
A35: Hệ số phát thải CH4 | D35: 5 | F35: kg/TJ | G35: Quyết định 2626/QĐ-BTNMT Phụ lục 1 STT1.86 | L35: Tier1/ Bậc 1
A36: Hệ số phát thải N2O | D36: 0.1 | F36: kg/TJ | G36: Quyết định 2626/QĐ-BTNMT Phụ lục 1 STT1.87 | L36: Tier1/ Bậc 1
A37: Hệ số GWP 100 của CH4 | D37: 27.9 | G37: Bảng Table 7.SM.7 IPCC_AR6_WGI_Chapter07_SM
A38: Hệ số GWP 100 của N2O | D38: 273 | G38: Bảng Table 7.SM.7 IPCC_AR6_WGI_Chapter07_SM

Sheet 1.1.4 Methanol
C1: GHG EMISSION FROM METHANOL FOR PRODUCTION/ BẢNG TÍNH PHÁT THẢI METHANOL CHO QUÁ TRÌNH SẢN XUẤT YEAR/NĂM: 2024 | F1: Emission code/ Mã nguồn phát thải 1.1.4
A5: Emission sources: Direct - Methanol for production
A6: GHG Emissions: CO2
A7: Scope: Scope 1 emissions - Direct
A8: Results calculator:
A10: Month | B10: Usage amount (kg) | C10: CH3OH Puritiy (%) | D10: Convert CH3OH (kg) | E10: Convert Factor | F10: Total emissions in terms of CO2 equivalents (metric tons)
A12: (1) | B12: (2) | C12: (3) | D12: (4) = (2) *(3) | E12: (5) | F12: (6) = (4)*(5)/1000
A13: 1 | B13: 0 | C13: 1 | D13: =+B13*C13 -> 0 | E13: 1.375 | F13: =+D13*E13/1000 -> 0
A14: 2 | B14: 20 | C14: 1 | D14: =+B14*C14 -> 20 | E14: 1.375 | F14: =+D14*E14/1000 -> 0.0275
A15: 3 | B15: 0 | C15: 1 | D15: =+B15*C15 -> 0 | E15: 1.375 | F15: =+D15*E15/1000 -> 0
A16: 4 | B16: 20 | C16: 1 | D16: =+B16*C16 -> 20 | E16: 1.375 | F16: =+D16*E16/1000 -> 0.0275
A17: 5 | B17: 20 | C17: 1 | D17: =+B17*C17 -> 20 | E17: 1.375 | F17: =+D17*E17/1000 -> 0.0275
A18: 6 | B18: 40 | C18: 1 | D18: =+B18*C18 -> 40 | E18: 1.375 | F18: =+D18*E18/1000 -> 0.055
A19: 7 | B19: 0 | C19: 1 | D19: =+B19*C19 -> 0 | E19: 1.375 | F19: =+D19*E19/1000 -> 0
A20: 8 | B20: 60 | C20: 1 | D20: =+B20*C20 -> 60 | E20: 1.375 | F20: =+D20*E20/1000 -> 0.0825
A21: 9 | B21: 0 | C21: 1 | D21: =+B21*C21 -> 0 | E21: 1.375 | F21: =+D21*E21/1000 -> 0
A22: 10 | B22: 40 | C22: 1 | D22: =+B22*C22 -> 40 | E22: 1.375 | F22: =+D22*E22/1000 -> 0.055
A23: 11 | B23: 0 | C23: 1 | D23: =+B23*C23 -> 0 | E23: 1.375 | F23: =+D23*E23/1000 -> 0
A24: 12 | B24: 0 | C24: 1 | D24: =+B24*C24 -> 0 | E24: 1.375 | F24: =+D24*E24/1000 -> 0
A25: Tổng | B25: =SUM(B13:B24) -> 200 | C25: 1 | D25: =SUM(D13:D24) -> 200 | F25: =SUM(F13:F24) -> 0.275
A28: Nguồn thông tin tham khảo:
A29: Phương trình phản ứng đốt cháy hoàn toàn CH3OH
A30: 2CH3OH +3O2 -> 2CO2 + 4H2O
A31: Khối lượng mol nguyên tử theo cân bằng:
A32: 2*(12+4*1+16) + 3*16*2 -> 2*(12+16*2) + 4*(2*1+16)
A33: Hệ số chuyển đổi Methanol sang CO2
A34: = 2*(12+16*2)/ (2*(12+4*1+16)) = 1.38
A36: Hệ số | D36: Giá trị | E36: Ghi chú
A37: Khối lượng nguyên tử Carbon | D37: 12
A38: Khối lượng nguyên tử Oxygen | D38: 16
A39: Khối lượng nguyên tử Hydrogen | D39: 1

Sheet 1.1.5 Xăng MCC 
C1: GHG EMISSION FROM GASONLINE FOR LAWNMOWWER/ BẢNG TÍNH PHÁT THẢI XĂNG CHO MÁY CẮT CỎ YEAR/NĂM: 2024 | M1: Emission code/ Mã nguồn phát thải 1.1.5
A5: Emission sources: Direct - Gasonline for Lawnmower and fire drill
A6: GHG Emissions: CO2, CH4, NO2
A7: Scope: Scope 1 emissions - Direct
A8: Results calculator:
A10: Month | B10: Usage amount (Lít) | C10: Convert Units (Gg) | D10: Net calorific value (TJ/Gg) | E10: Conversion Net Calorific Values (TJ) | F10: Emissions factors (kg of greenhouse gas per TJ on a Net Calorific Basis) | I10: Results calculator | L10: GWP 100 CH4 | M10: GWP 100 N2O | N10: Total emissions in terms of CO2 equivalents (metric tons)
F11: kg/TJ CO2 | G11: kg/TJ CH4 | H11: kg/TJ N2O | I11: CO2 emissions in metric kg | J11: CH4 emissions in metric kg | K11: N2O emissions in metric kg
A12: (1) | B12: (2) | C12: (3) = (2) * 0.74/10^6 | D12: (4) | E12: (5) = (4)*(3) | F12: (6) | G12: (7) | H12: (8) | I12: (9) = (5)*(6) | J12: (10) = (5)*(7) | K12: (11) = (5)*(8) | L12: (12) | M12: (13) | N12: (14) = ((9) + (10)*(12) + (11)*(13))/1000
A13: 1 | B13: 10 | C13: =+B13*0.74/10^6 -> 7.4e-06 | D13: 44.3 | E13: =+C13*D13 -> 0.00032782 | F13: =+$D$35 -> 69300 | G13: =+$D$36 -> 10 | H13: =+$D$37 -> 0.6 | I13: =+E13*F13 -> 22.717926 | J13: =+E13*G13 -> 0.0032782 | K13: =+E13*H13 -> 0.000196692 | L13: 27.9 | M13: 273 | N13: =+(I13+J13*L13+K13*M13)/1000 -> 0.022863085
A14: 2 | C14: =+B14*0.74/10^6 -> 0 | D14: 44.3 | E14: =+C14*D14 -> 0 | F14: =+$D$35 -> 69300 | G14: =+$D$36 -> 10 | H14: =+$D$37 -> 0.6 | I14: =+E14*F14 -> 0 | J14: =+E14*G14 -> 0 | K14: =+E14*H14 -> 0 | L14: 27.9 | M14: 273 | N14: =+(I14+J14*L14+K14*M14)/1000 -> 0
A15: 3 | B15: 10 | C15: =+B15*0.74/10^6 -> 7.4e-06 | D15: 44.3 | E15: =+C15*D15 -> 0.00032782 | F15: =+$D$35 -> 69300 | G15: =+$D$36 -> 10 | H15: =+$D$37 -> 0.6 | I15: =+E15*F15 -> 22.717926 | J15: =+E15*G15 -> 0.0032782 | K15: =+E15*H15 -> 0.000196692 | L15: 27.9 | M15: 273 | N15: =+(I15+J15*L15+K15*M15)/1000 -> 0.022863085
A16: 4 | B16: 10 | C16: =+B16*0.74/10^6 -> 7.4e-06 | D16: 44.3 | E16: =+C16*D16 -> 0.00032782 | F16: =+$D$35 -> 69300 | G16: =+$D$36 -> 10 | H16: =+$D$37 -> 0.6 | I16: =+E16*F16 -> 22.717926 | J16: =+E16*G16 -> 0.0032782 | K16: =+E16*H16 -> 0.000196692 | L16: 27.9 | M16: 273 | N16: =+(I16+J16*L16+K16*M16)/1000 -> 0.022863085
A17: 5 | C17: =+B17*0.74/10^6 -> 0 | D17: 44.3 | E17: =+C17*D17 -> 0 | F17: =+$D$35 -> 69300 | G17: =+$D$36 -> 10 | H17: =+$D$37 -> 0.6 | I17: =+E17*F17 -> 0 | J17: =+E17*G17 -> 0 | K17: =+E17*H17 -> 0 | L17: 27.9 | M17: 273 | N17: =+(I17+J17*L17+K17*M17)/1000 -> 0
A18: 6 | B18: 10 | C18: =+B18*0.74/10^6 -> 7.4e-06 | D18: 44.3 | E18: =+C18*D18 -> 0.00032782 | F18: =+$D$35 -> 69300 | G18: =+$D$36 -> 10 | H18: =+$D$37 -> 0.6 | I18: =+E18*F18 -> 22.717926 | J18: =+E18*G18 -> 0.0032782 | K18: =+E18*H18 -> 0.000196692 | L18: 27.9 | M18: 273 | N18: =+(I18+J18*L18+K18*M18)/1000 -> 0.022863085
A19: 7 | B19: 22 | C19: =+B19*0.74/10^6 -> 1.628e-05 | D19: 44.3 | E19: =+C19*D19 -> 0.000721204 | F19: =+$D$35 -> 69300 | G19: =+$D$36 -> 10 | H19: =+$D$37 -> 0.6 | I19: =+E19*F19 -> 49.979437 | J19: =+E19*G19 -> 0.00721204 | K19: =+E19*H19 -> 0.0004327224 | L19: 27.9 | M19: 273 | N19: =+(I19+J19*L19+K19*M19)/1000 -> 0.050298786
A20: 8 | B20: 20 | C20: =+B20*0.74/10^6 -> 1.48e-05 | D20: 44.3 | E20: =+C20*D20 -> 0.00065564 | F20: =+$D$35 -> 69300 | G20: =+$D$36 -> 10 | H20: =+$D$37 -> 0.6 | I20: =+E20*F20 -> 45.435852 | J20: =+E20*G20 -> 0.0065564 | K20: =+E20*H20 -> 0.000393384 | L20: 27.9 | M20: 273 | N20: =+(I20+J20*L20+K20*M20)/1000 -> 0.045726169
A21: 9 | B21: 20 | C21: =+B21*0.74/10^6 -> 1.48e-05 | D21: 44.3 | E21: =+C21*D21 -> 0.00065564 | F21: =+$D$35 -> 69300 | G21: =+$D$36 -> 10 | H21: =+$D$37 -> 0.6 | I21: =+E21*F21 -> 45.435852 | J21: =+E21*G21 -> 0.0065564 | K21: =+E21*H21 -> 0.000393384 | L21: 27.9 | M21: 273 | N21: =+(I21+J21*L21+K21*M21)/1000 -> 0.045726169
A22: 10 | B22: 10 | C22: =+B22*0.74/10^6 -> 7.4e-06 | D22: 44.3 | E22: =+C22*D22 -> 0.00032782 | F22: =+$D$35 -> 69300 | G22: =+$D$36 -> 10 | H22: =+$D$37 -> 0.6 | I22: =+E22*F22 -> 22.717926 | J22: =+E22*G22 -> 0.0032782 | K22: =+E22*H22 -> 0.000196692 | L22: 27.9 | M22: 273 | N22: =+(I22+J22*L22+K22*M22)/1000 -> 0.022863085
A23: 11 | B23: 20 | C23: =+B23*0.74/10^6 -> 1.48e-05 | D23: 44.3 | E23: =+C23*D23 -> 0.00065564 | F23: =+$D$35 -> 69300 | G23: =+$D$36 -> 10 | H23: =+$D$37 -> 0.6 | I23: =+E23*F23 -> 45.435852 | J23: =+E23*G23 -> 0.0065564 | K23: =+E23*H23 -> 0.000393384 | L23: 27.9 | M23: 273 | N23: =+(I23+J23*L23+K23*M23)/1000 -> 0.045726169
A24: 12 | B24: 20 | C24: =+B24*0.74/10^6 -> 1.48e-05 | D24: 44.3 | E24: =+C24*D24 -> 0.00065564 | F24: 69300 | G24: =+$D$36 -> 10 | H24: =+$D$37 -> 0.6 | I24: =+E24*F24 -> 45.435852 | J24: =+E24*G24 -> 0.0065564 | K24: =+E24*H24 -> 0.000393384 | L24: 27.9 | M24: 273 | N24: =+(I24+J24*L24+K24*M24)/1000 -> 0.045726169
A25: Tổng | B25: =SUM(B13:B24) -> 152 | I25: =SUM(I13:I24) -> 345.31248 | J25: =SUM(J13:J24) -> 0.04982864 | K25: =SUM(K13:K24) -> 0.0029897184 | N25: =SUM(N13:N24) -> 0.34751889
I26: =+I25/1000 -> 0.34531248 | J26: =+J25*L24/1000 -> 0.0013902191 | K26: =+K25*M24/1000 -> 0.00081619312
A28: Nguồn thông tin tham khảo:
A30: Hệ số chuyển đổi | D30: Giá trị | F30: Đơn vị | G30: Nguồn tham khảo
A31: Chuyển đổi đơn vị kg/Gg | D31: *10^-6 | F31: kg/Gg | G31: SI
A32: Tỷ trọng quy đổi xăng từ Lít/kg | D32: 0.74 | F32: Lít/kg | G32: TCVN 3166:2019
A33: Hệ số xăng đốt tĩnh | D33: Giá trị | F33: Đơn vị | G33: Nguồn tham khảo | L33: Phương pháp áp dụng theo Hướng dẫn của IPCC
A34: Nhiệt trị | D34: 44.3 | F34: TJ/Gg | G34: Bảng 1.2 Volumn 2 Chapter 1 IPCC 2006
A35: Hệ số phát thải CO2 | D35: 69300 | F35: kg/TJ | G35: Quyết định 2626/QĐ-BTNMT Phụ lục 1 STT1.94 | L35: Tier1/ Bậc 1
A36: Hệ số phát thải CH4 | D36: 10 | F36: kg/TJ | G36: Quyết định 2626/QĐ-BTNMT Phụ lục 1 STT1.95 | L36: Tier1/ Bậc 1
A37: Hệ số phát thải N2O | D37: 0.6 | F37: kg/TJ | G37: Quyết định 2626/QĐ-BTNMT Phụ lục 1 STT1.96 | L37: Tier1/ Bậc 1
A38: Hệ số GWP 100 của CH4 | D38: 27.9 | G38: Bảng Table 7.SM.7 IPCC_AR6_WGI_Chapter07_SM
A39: Hệ số GWP 100 của N2O | D39: 273 | G39: Bảng Table 7.SM.7 IPCC_AR6_WGI_Chapter07_SM

Sheet 1.1.6 Dầu hỏa
D1: GHG EMISSION FROM KEROSENE FOR PRODUCTION/ BẢNG TÍNH PHÁT THẢI DẦU HỎA CHO SẢN XUẤT YEAR/NĂM: 2024 | N1: Emission code/ Mã nguồn phát thải 1.1.6
A5: Emission sources: Direct - Kerosene for production
A6: GHG Emissions: CO2, CH4, NO2
A7: Scope: Scope 1 emissions - Direct
A8: Results calculator:
A10: Month | B10: Usage amount (Lít) | C10: Burner factor | D10: Convert Units (Gg) | E10: Net calorific value (TJ/Gg) | F10: Conversion Net Calorific Values (TJ) | G10: Emissions factors (kg of greenhouse gas per TJ on a Net Calorific Basis) | J10: Results calculator | M10: GWP 100 CH4 | N10: GWP 100 N2O | O10: Total emissions in terms of CO2 equivalents (metric tons)
G11: kg/TJ CO2 | H11: kg/TJ CH4 | I11: kg/TJ N2O | J11: CO2 emissions in metric kg | K11: CH4 emissions in metric kg | L11: N2O emissions in metric kg
A12: (1) | B12: (2) | C12: (3) | D12: (4) =(3)*(2) * 0.79/10^6 | E12: (4) | F12: (5) = (4)*(3) | G12: (6) | H12: (7) | I12: (8) | J12: (9) = (5)*(6) | K12: (10) = (5)*(7) | L12: (11) = (5)*(8) | M12: (12) | N12: (13) | O12: (14) = ((9) + (10)*(12) + (11)*(13))/1000
A13: 1 | B13: 16128 | C13: 1 | D13: =+B13*C13*0.79/10^6 -> 0.01274112 | E13: 43.8 | F13: =+D13*E13 -> 0.55806106 | G13: =+$E$35 -> 71900 | H13: =+$E$36 -> 3 | I13: =+$E$37 -> 0.6 | J13: =+F13*G13 -> 40124.59 | K13: =+F13*H13 -> 1.6741832 | L13: =+F13*I13 -> 0.33483663 | M13: 27.9 | N13: 273 | O13: =+(J13+K13*M13+L13*N13)/1000 -> 40.26271
A14: 2 | B14: 7332 | C14: 1 | D14: =+B14*C14*0.79/10^6 -> 0.00579228 | E14: 43.8 | F14: =+D14*E14 -> 0.25370186 | G14: =+$E$35 -> 71900 | H14: =+$E$36 -> 3 | I14: =+$E$37 -> 0.6 | J14: =+F14*G14 -> 18241.164 | K14: =+F14*H14 -> 0.76110559 | L14: =+F14*I14 -> 0.15222112 | M14: 27.9 | N14: 273 | O14: =+(J14+K14*M14+L14*N14)/1000 -> 18.303955
A15: 3 | B15: 13724 | C15: 1 | D15: =+B15*C15*0.79/10^6 -> 0.01084196 | E15: 43.8 | F15: =+D15*E15 -> 0.47487785 | G15: =+$E$35 -> 71900 | H15: =+$E$36 -> 3 | I15: =+$E$37 -> 0.6 | J15: =+F15*G15 -> 34143.717 | K15: =+F15*H15 -> 1.4246335 | L15: =+F15*I15 -> 0.28492671 | M15: 27.9 | N15: 273 | O15: =+(J15+K15*M15+L15*N15)/1000 -> 34.26125
A16: 4 | B16: 17581 | C16: 1 | D16: =+B16*C16*0.79/10^6 -> 0.01388899 | E16: 43.8 | F16: =+D16*E16 -> 0.60833776 | G16: =+$E$35 -> 71900 | H16: =+$E$36 -> 3 | I16: =+$E$37 -> 0.6 | J16: =+F16*G16 -> 43739.485 | K16: =+F16*H16 -> 1.8250133 | L16: =+F16*I16 -> 0.36500266 | M16: 27.9 | N16: 273 | O16: =+(J16+K16*M16+L16*N16)/1000 -> 43.890049
A17: 5 | B17: 19057 | C17: 1 | D17: =+B17*C17*0.79/10^6 -> 0.01505503 | E17: 43.8 | F17: =+D17*E17 -> 0.65941031 | G17: =+$E$35 -> 71900 | H17: =+$E$36 -> 3 | I17: =+$E$37 -> 0.6 | J17: =+F17*G17 -> 47411.602 | K17: =+F17*H17 -> 1.9782309 | L17: =+F17*I17 -> 0.39564619 | M17: 27.9 | N17: 273 | O17: =+(J17+K17*M17+L17*N17)/1000 -> 47.574806
A18: 6 | B18: 13299 | C18: 1 | D18: =+B18*C18*0.79/10^6 -> 0.01050621 | E18: 43.8 | F18: =+D18*E18 -> 0.460172 | G18: =+$E$35 -> 71900 | H18: =+$E$36 -> 3 | I18: =+$E$37 -> 0.6 | J18: =+F18*G18 -> 33086.367 | K18: =+F18*H18 -> 1.380516 | L18: =+F18*I18 -> 0.2761032 | M18: 27.9 | N18: 273 | O18: =+(J18+K18*M18+L18*N18)/1000 -> 33.200259
A19: 7 | B19: 20651 | C19: 1 | D19: =+B19*C19*0.79/10^6 -> 0.01631429 | E19: 43.8 | F19: =+D19*E19 -> 0.7145659 | G19: =+$E$35 -> 71900 | H19: =+$E$36 -> 3 | I19: =+$E$37 -> 0.6 | J19: =+F19*G19 -> 51377.288 | K19: =+F19*H19 -> 2.1436977 | L19: =+F19*I19 -> 0.42873954 | M19: 27.9 | N19: 273 | O19: =+(J19+K19*M19+L19*N19)/1000 -> 51.554143
A20: 8 | B20: 18488 | C20: 1 | D20: =+B20*C20*0.79/10^6 -> 0.01460552 | E20: 43.8 | F20: =+D20*E20 -> 0.63972178 | G20: =+$E$35 -> 71900 | H20: =+$E$36 -> 3 | I20: =+$E$37 -> 0.6 | J20: =+F20*G20 -> 45995.996 | K20: =+F20*H20 -> 1.9191653 | L20: =+F20*I20 -> 0.38383307 | M20: 27.9 | N20: 273 | O20: =+(J20+K20*M20+L20*N20)/1000 -> 46.154327
A21: 9 | B21: 16965 | C21: 1 | D21: =+B21*C21*0.79/10^6 -> 0.01340235 | E21: 43.8 | F21: =+D21*E21 -> 0.58702293 | G21: =+$E$35 -> 71900 | H21: =+$E$36 -> 3 | I21: =+$E$37 -> 0.6 | J21: =+F21*G21 -> 42206.949 | K21: =+F21*H21 -> 1.7610688 | L21: =+F21*I21 -> 0.35221376 | M21: 27.9 | N21: 273 | O21: =+(J21+K21*M21+L21*N21)/1000 -> 42.352237
A22: 10 | B22: 21190 | C22: 1 | D22: =+B22*C22*0.79/10^6 -> 0.0167401 | E22: 43.8 | F22: =+D22*E22 -> 0.73321638 | G22: =+$E$35 -> 71900 | H22: =+$E$36 -> 3 | I22: =+$E$37 -> 0.6 | J22: =+F22*G22 -> 52718.258 | K22: =+F22*H22 -> 2.1996491 | L22: =+F22*I22 -> 0.43992983 | M22: 27.9 | N22: 273 | O22: =+(J22+K22*M22+L22*N22)/1000 -> 52.899729
A23: 11 | B23: 20225 | C23: 1 | D23: =+B23*C23*0.79/10^6 -> 0.01597775 | E23: 43.8 | F23: =+D23*E23 -> 0.69982545 | G23: =+$E$35 -> 71900 | H23: =+$E$36 -> 3 | I23: =+$E$37 -> 0.6 | J23: =+F23*G23 -> 50317.45 | K23: =+F23*H23 -> 2.0994763 | L23: =+F23*I23 -> 0.41989527 | M23: 27.9 | N23: 273 | O23: =+(J23+K23*M23+L23*N23)/1000 -> 50.490657
A24: 12 | B24: 20681 | C24: 1 | D24: =+B24*C24*0.79/10^6 -> 0.01633799 | E24: 43.8 | F24: =+D24*E24 -> 0.71560396 | G24: =+$E$35 -> 71900 | H24: =+$E$36 -> 3 | I24: =+$E$37 -> 0.6 | J24: =+F24*G24 -> 51451.925 | K24: =+F24*H24 -> 2.1468119 | L24: =+F24*I24 -> 0.42936238 | M24: 27.9 | N24: 273 | O24: =+(J24+K24*M24+L24*N24)/1000 -> 51.629037
A25: Tổng | B25: =SUM(B13:B24) -> 205321 | J25: =SUM(J13:J24) -> 510814.79 | K25: =SUM(K13:K24) -> 21.313552 | L25: =SUM(L13:L24) -> 4.2627103 | O25: =SUM(O13:O24) -> 512.57316
J26: =+J25/1000 -> 510.81479 | K26: =+K25*M24/1000 -> 0.59464809 | L26: =+L25*N24/1000 -> 1.1637199
A28: Nguồn thông tin tham khảo:
A30: Hệ số chuyển đổi | E30: Giá trị | G30: Đơn vị | H30: Nguồn tham khảo
A31: Chuyển đổi đơn vị kg/Gg | E31: *10^-6 | G31: kg/Gg | H31: SI
A32: Tỷ trọng quy đổi dầu hỏa từ Lít/kg | E32: 0.79 | G32: Lít/kg | H32: TCVN 6240:2019
A33: Hệ số dầu hỏa đốt tĩnh | E33: Giá trị | G33: Đơn vị | H33: Nguồn tham khảo | M33: Phương pháp áp dụng theo Hướng dẫn của IPCC
A34: Nhiệt trị | E34: 43.8 | G34: TJ/Gg | H34: Bảng 1.2 Volumn 2 Chapter 1 IPCC 2006
A35: Hệ số phát thải CO2 | E35: 71900 | G35: kg/TJ | H35: IPCC Volume 2 Chapter 2, Table 2.3 | M35: Tier1/ Bậc 1
A36: Hệ số phát thải CH4 | E36: 3 | G36: kg/TJ | H36: IPCC Volume 2 Chapter 2, Table 2.3 | M36: Tier1/ Bậc 1
A37: Hệ số phát thải N2O | E37: 0.6 | G37: kg/TJ | H37: IPCC Volume 2 Chapter 2, Table 2.3 | M37: Tier1/ Bậc 1
A38: Hệ số GWP 100 của CH4 | E38: 27.9 | H38: Bảng Table 7.SM.7 IPCC_AR6_WGI_Chapter07_SM
A39: Hệ số GWP 100 của N2O | E39: 273 | H39: Bảng Table 7.SM.7 IPCC_AR6_WGI_Chapter07_SM

Sheet 1.1.7 Nước thủy tinh
C1: GHG EMISSION FROM SODIUM LILICATE FOR PRODUCTION/ BẢNG TÍNH PHÁT THẢI TỪ NƯỚC THỦY TINH CHO SẢN XUẤT YEAR/NĂM: 2024 | F1: Emission code/ Mã nguồn phát thải 1.1.7
A5: Emission sources: Direct - Sodium silicate for production
A6: GHG Emissions: CO2
A7: Scope: Scope 1 emissions - Direct
A8: Results calculator:
A10: Month | B10: Usage amount of Na2SiO3 (kg) | C10: Na2SiO3 Puritiy (%) | D10: Convert Na2SiO3 used (kg) | E10: Convert Factor | F10: Total emissions in terms of CO2 equivalents (metric tons)
A12: (1) | B12: (2) | C12: (3) | D12: (4) = (2) *(3) | E12: (5) | F12: (6) = (4)*(5)/1000
A13: 1 | B13: 700 | C13: 0.4 | D13: =+B13*C13 -> 280 | E13: 0.361 | F13: =+D13*E13/1000 -> 0.10108
A14: 2 | B14: 1000 | C14: 0.4 | D14: =+B14*C14 -> 400 | E14: 0.361 | F14: =+D14*E14/1000 -> 0.1444
A15: 3 | B15: 1000 | C15: 0.4 | D15: =+B15*C15 -> 400 | E15: 0.361 | F15: =+D15*E15/1000 -> 0.1444
A16: 4 | B16: 980 | C16: 0.4 | D16: =+B16*C16 -> 392 | E16: 0.361 | F16: =+D16*E16/1000 -> 0.141512
A17: 5 | B17: 1000 | C17: 0.4 | D17: =+B17*C17 -> 400 | E17: 0.361 | F17: =+D17*E17/1000 -> 0.1444
A18: 6 | B18: 1000 | C18: 0.4 | D18: =+B18*C18 -> 400 | E18: 0.361 | F18: =+D18*E18/1000 -> 0.1444
A19: 7 | B19: 500 | C19: 0.4 | D19: =+B19*C19 -> 200 | E19: 0.361 | F19: =+D19*E19/1000 -> 0.0722
A20: 8 | B20: 0 | C20: 0.4 | D20: =+B20*C20 -> 0 | E20: 0.361 | F20: =+D20*E20/1000 -> 0
A21: 9 | B21: 200 | C21: 0.4 | D21: =+B21*C21 -> 80 | E21: 0.361 | F21: =+D21*E21/1000 -> 0.02888
A22: 10 | B22: 500 | C22: 0.4 | D22: =+B22*C22 -> 200 | E22: 0.361 | F22: =+D22*E22/1000 -> 0.0722
A23: 11 | B23: 500 | C23: 0.4 | D23: =+B23*C23 -> 200 | E23: 0.361 | F23: =+D23*E23/1000 -> 0.0722
A24: 12 | B24: 200 | C24: 0.4 | D24: =+B24*C24 -> 80 | E24: 0.361 | F24: =+D24*E24/1000 -> 0.02888
A25: Tổng | B25: =SUM(B13:B24) -> 7580 | D25: =SUM(D13:D24) -> 3032 | F25: =SUM(F13:F24) -> 1.094552
A28: Nguồn thông tin tham khảo:
A29: Phương trình phản ứng ban đầu tạo kết dính thao
A30: (1) Na2SiO3 + CO2 -> Na2CO3 + SiO2
A31: Phương trình phản ứng phân hủy Na2CO2 ở nhiệt độ cao khi rót kim loại nóng chảy vào ở quá trình đúc
A32: (2) Na2CO3 + CO2 -> Na2O + CO2
A33: Hệ số chuyển đổi từ lượng nước thủy tinh sử dụng ban đầu (1) rồi phân hủy thành CO2 theo (2)
A34: = (12+16*2)/ (23*2+28+16*3) = 0.361
A36: Hệ số | D36: Giá trị | E36: Ghi chú
A37: Khối lượng nguyên tử Carbon | D37: 12
A38: Khối lượng nguyên tử Oxygen | D38: 16
A39: Khối lượng nguyên tử Natri | D39: 23
A40: Khối lượng nguyên tử Silic | D40: 28

Sheet 1.1.8.Sơn lõi khuôn BR-750
C1: GHG EMISSION FROM BR-750 FOR PRODUCTION/ BẢNG TÍNH PHÁT THẢI TỪ SƠN KHUÔN BR-750 CHO SẢN XUẤT YEAR/NĂM: 2024 | S1: Emission code/ Mã nguồn phát thải 1.1.8
A5: Emission sources: Direct - BR-750 for production
A6: GHG Emissions: CO2
A7: Scope: Scope 1 emissions - Direct
A8: Results calculator:
A10: Month | B10: Usage amount of BR-750 (kg) | C10: Khối lượng các thành phần hóa chất theo trọng lượng (tính theo tỷ lệ % max), kg | J10: Convert Factor to CO2 emission according to The complete combustion reaction | M10: Adjust Factor reaction to CO2 emission (consider in next year) | P10: Conver to CO2 emission | S10: Total emissions in terms of CO2 equivalents (metric tons)
C11: Isopropanol | D11: Methanol | E11: Graphite | F11: Al2O3 | G11: SiO2 | H11: Organic Binder | I11: Others | J11: Isopropanol | K11: Methanol | L11: Graphite | M11: Isopropanol | N11: Methanol | O11: Graphite | P11: Isopropanol | Q11: Methanol | R11: Graphite
C12: 5-15% | D12: 20-30% | E12: 2-5% | F12: 25-35% | G12: 5-10% | H12: 5-10% | I12: 5-10% | K12: 20-30% | L12: 2-5% | N12: 20-30% | O12: 2-5% | P12: kg | Q12: kg | R12: kg
A13: (1) | B13: (2) | C13: (3) | D13: (4) | E13: (5) | F13: (6) | G13: (7) | H13: (8) | I13: (9) | J13: (10) | K13: (11) | L13: (12) | M13: (13) | N13: (14) | O13: (15) | P13: (16) | Q13: (17) | R13: (18) | S13: (19) = ((16)+(17)+(18))/1000
A14: 1 | B14: 810 | C14: =+B14*RIGHT($C$12,3) -> 121.5 | D14: =+B14*RIGHT($D$12,3) -> 243 | E14: =+B14*RIGHT($E$12,2) -> 40.5 | F14: KHÔNG TÍNH KHỐI LƯỢNG THÀNH PHẦN DO KHÔNG TẠO RA CO2 | J14: 2.2 | K14: 1.375 | L14: 3.667 | M14: 1 | N14: 1 | O14: 1 | P14: =+C14*J14*M14 -> 267.3 | Q14: =+D14*K14*N14 -> 334.125 | R14: =+E14*L14*O14 -> 148.5135 | S14: =+(P14+Q14+R14)/1000 -> 0.7499385
A15: 2 | B15: 630 | C15: =+B15*RIGHT($C$12,3) -> 94.5 | D15: =+B15*RIGHT($D$12,3) -> 189 | E15: =+B15*RIGHT($E$12,2) -> 31.5 | J15: 2.2 | K15: 1.375 | L15: 3.667 | M15: 1 | N15: 1 | O15: 1 | P15: =+C15*J15*M15 -> 207.9 | Q15: =+D15*K15*N15 -> 259.875 | R15: =+E15*L15*O15 -> 115.5105 | S15: =+(P15+Q15+R15)/1000 -> 0.5832855
A16: 3 | B16: 1260 | C16: =+B16*RIGHT($C$12,3) -> 189 | D16: =+B16*RIGHT($D$12,3) -> 378 | E16: =+B16*RIGHT($E$12,2) -> 63 | J16: 2.2 | K16: 1.375 | L16: 3.667 | M16: 1 | N16: 1 | O16: 1 | P16: =+C16*J16*M16 -> 415.8 | Q16: =+D16*K16*N16 -> 519.75 | R16: =+E16*L16*O16 -> 231.021 | S16: =+(P16+Q16+R16)/1000 -> 1.166571
A17: 4 | B17: 1590 | C17: =+B17*RIGHT($C$12,3) -> 238.5 | D17: =+B17*RIGHT($D$12,3) -> 477 | E17: =+B17*RIGHT($E$12,2) -> 79.5 | J17: 2.2 | K17: 1.375 | L17: 3.667 | M17: 1 | N17: 1 | O17: 1 | P17: =+C17*J17*M17 -> 524.7 | Q17: =+D17*K17*N17 -> 655.875 | R17: =+E17*L17*O17 -> 291.5265 | S17: =+(P17+Q17+R17)/1000 -> 1.4721015
A18: 5 | B18: 2100 | C18: =+B18*RIGHT($C$12,3) -> 315 | D18: =+B18*RIGHT($D$12,3) -> 630 | E18: =+B18*RIGHT($E$12,2) -> 105 | J18: 2.2 | K18: 1.375 | L18: 3.667 | M18: 1 | N18: 1 | O18: 1 | P18: =+C18*J18*M18 -> 693 | Q18: =+D18*K18*N18 -> 866.25 | R18: =+E18*L18*O18 -> 385.035 | S18: =+(P18+Q18+R18)/1000 -> 1.944285
A19: 6 | B19: 120 | C19: =+B19*RIGHT($C$12,3) -> 18 | D19: =+B19*RIGHT($D$12,3) -> 36 | E19: =+B19*RIGHT($E$12,2) -> 6 | J19: 2.2 | K19: 1.375 | L19: 3.667 | M19: 1 | N19: 1 | O19: 1 | P19: =+C19*J19*M19 -> 39.6 | Q19: =+D19*K19*N19 -> 49.5 | R19: =+E19*L19*O19 -> 22.002 | S19: =+(P19+Q19+R19)/1000 -> 0.111102
A20: 7 | B20: 0 | C20: =+B20*RIGHT($C$12,3) -> 0 | D20: =+B20*RIGHT($D$12,3) -> 0 | E20: =+B20*RIGHT($E$12,2) -> 0 | J20: 2.2 | K20: 1.375 | L20: 3.667 | M20: 1 | N20: 1 | O20: 1 | P20: =+C20*J20*M20 -> 0 | Q20: =+D20*K20*N20 -> 0 | R20: =+E20*L20*O20 -> 0 | S20: =+(P20+Q20+R20)/1000 -> 0
A21: 8 | B21: 0 | C21: =+B21*RIGHT($C$12,3) -> 0 | D21: =+B21*RIGHT($D$12,3) -> 0 | E21: =+B21*RIGHT($E$12,2) -> 0 | J21: 2.2 | K21: 1.375 | L21: 3.667 | M21: 1 | N21: 1 | O21: 1 | P21: =+C21*J21*M21 -> 0 | Q21: =+D21*K21*N21 -> 0 | R21: =+E21*L21*O21 -> 0 | S21: =+(P21+Q21+R21)/1000 -> 0
A22: 9 | B22: 0 | C22: =+B22*RIGHT($C$12,3) -> 0 | D22: =+B22*RIGHT($D$12,3) -> 0 | E22: =+B22*RIGHT($E$12,2) -> 0 | J22: 2.2 | K22: 1.375 | L22: 3.667 | M22: 1 | N22: 1 | O22: 1 | P22: =+C22*J22*M22 -> 0 | Q22: =+D22*K22*N22 -> 0 | R22: =+E22*L22*O22 -> 0 | S22: =+(P22+Q22+R22)/1000 -> 0
A23: 10 | B23: 0 | C23: =+B23*RIGHT($C$12,3) -> 0 | D23: =+B23*RIGHT($D$12,3) -> 0 | E23: =+B23*RIGHT($E$12,2) -> 0 | J23: 2.2 | K23: 1.375 | L23: 3.667 | M23: 1 | N23: 1 | O23: 1 | P23: =+C23*J23*M23 -> 0 | Q23: =+D23*K23*N23 -> 0 | R23: =+E23*L23*O23 -> 0 | S23: =+(P23+Q23+R23)/1000 -> 0
A24: 11 | B24: 0 | C24: =+B24*RIGHT($C$12,3) -> 0 | D24: =+B24*RIGHT($D$12,3) -> 0 | E24: =+B24*RIGHT($E$12,2) -> 0 | J24: 2.2 | K24: 1.375 | L24: 3.667 | M24: 1 | N24: 1 | O24: 1 | P24: =+C24*J24*M24 -> 0 | Q24: =+D24*K24*N24 -> 0 | R24: =+E24*L24*O24 -> 0 | S24: =+(P24+Q24+R24)/1000 -> 0
A25: 12 | B25: 0 | C25: =+B25*RIGHT($C$12,3) -> 0 | D25: =+B25*RIGHT($D$12,3) -> 0 | E25: =+B25*RIGHT($E$12,2) -> 0 | J25: 2.2 | K25: 1.375 | L25: 3.667 | M25: 1 | N25: 1 | O25: 1 | P25: =+C25*J25*M25 -> 0 | Q25: =+D25*K25*N25 -> 0 | R25: =+E25*L25*O25 -> 0 | S25: =+(P25+Q25+R25)/1000 -> 0
A26: Tổng | B26: =SUM(B14:B25) -> 6510 | P26: =SUM(P14:P25) -> 2148.3 | Q26: =SUM(Q14:Q25) -> 2685.375 | R26: =SUM(R14:R25) -> 1193.6085 | S26: =SUM(S14:S25) -> 6.0272835
A29: Nguồn thông tin tham khảo:
A30: Phương trình phản ứng đốt cháy hoàn toàn Isopropanol (C3H7OH) trong điều kiện dư Oxy
A31: (1) C3H7OH + (9/2)O2 -> 3CO2 + 4H2O
A32: Phương trình phản ứng đốt cháy hoàn toàn Methanol (CH3OH) trong điều kiện dư Oxy
A33: (2) 2CH3OH + 3O2 -> 2CO2 + 4H2O
A34: Phương trình phản ứng đốt cháy hoàn toàn Graphite (C) trong điều kiện dư Oxy
A35: (3) C + O2 -> CO2
A36: Hệ số chuyển đổi từ lượng Isopropanol (C3H7OH) thành CO2 theo (1)
A37: = (3*12+3*16*2)/ (12*3+1*8+16*1) = 2.2
A38: Hệ số chuyển đổi từ lượng Methanol (CH3OH) thành CO2 theo (2)
A39: = (2*12+2*16*2)/ (2*12+2*1*4+2*16) = 1.375
A40: Hệ số chuyển đổi từ lượng Graphite (C) thành CO2 theo (3)
A41: = (12+16*2)/ (12) = 3.667
A42: Hệ số | D42: Giá trị | G42: Ghi chú
A43: Khối lượng nguyên tử Carbon | D43: 12
A44: Khối lượng nguyên tử Oxygen | D44: 16
A45: Khối lượng nguyên tử Hydro | D45: 1

Sheet 1.1.8. Sơn lõi KOALIDPASTE94i
C1: GHG EMISSION FROM KOALID PASTE 94L FOR PRODUCTION/ BẢNG TÍNH PHÁT THẢI TỪ SƠN THAO KOALID PASTE 94I CHO SẢN XUẤT YEAR/NĂM: 2024 | Q1: Emission code/ Mã nguồn phát thải 1.1.8
A5: Emission sources: Direct - Koalid Paste 94I for production
A6: GHG Emissions: CO2
A7: Scope: Scope 1 emissions - Direct
A8: Results calculator:
A10: Month | B10: Usage amount of Koalid Paste (kg) | C10: Khối lượng các thành phần hóa chất theo trọng lượng (tính theo tỷ lệ % max), kg | H10: Convert Factor to CO2 emission according to The complete combustion reaction | K10: Adjust Factor reaction to CO2 emission (consider in next year) | N10: Conver to CO2 emission | Q10: Total emissions in terms of CO2 equivalents (metric tons) | R10: 1.1.8. Sơn khuôn BR-750 2024 | S10: Tổng 1.1.8. Sơn khuôn BR-750 2024 + 1.1.8. Sơnthao KOALIDPASTE94 24
C11: Methyl alcohol | D11: Ethyl alcohol | E11: Graphite | F11: Quartz flour | G11: Other Non Haz substances | H11: Methyl alcohol | I11: Ethyl alcohol | J11: Graphite | K11: Methyl alcohol | L11: Ethyl alcohol | M11: Graphite | N11: Methyl alcohol | O11: Ethyl alcohol | P11: Graphite
C12: 10 - 25 % | D12: 0 - 15% | E12: 10 - 25 % | F12: 15 - 25% | G12: 10 - 25% | I12: 20-30% | J12: 2-5% | N12: kg | O12: kg | P12: kg | Q12: ton CO2e
A13: (1) | B13: (2) | C13: (3) | D13: (4) | E13: (5) | F13: (6) | G13: (7) | H13: (10) | I13: (11) | J13: (12) | K13: (13) | L13: (14) | M13: (15) | N13: (16) | O13: (17) | P13: (18) | Q13: (19) = ((16)+(17)+(18))/1000
A14: 1 | B14: 0 | C14: =+B14*RIGHT($C$12,3) -> 0 | D14: =+B14*RIGHT($D$12,3) -> 0 | E14: =+B14*RIGHT($E$12,3) -> 0 | F14: =+B14*RIGHT($F$12,3) -> 0 | G14: =+B14*RIGHT($G$12,3) -> 0 | H14: 1.375 | I14: 1.913 | J14: 3.667 | K14: 1 | L14: 1 | M14: 1 | N14: =+C14*H14*K14 -> 0 | O14: =+D14*I14*L14 -> 0 | P14: =+E14*J14*M14 -> 0 | Q14: =+(N14+O14+P14)/1000 -> 0 | R14: 0.7499385 | S14: =+Q14+R14 -> 0.7499385
A15: 2 | B15: 0 | C15: =+B15*RIGHT($C$12,3) -> 0 | D15: =+B15*RIGHT($D$12,3) -> 0 | E15: =+B15*RIGHT($E$12,3) -> 0 | F15: =+B15*RIGHT($F$12,3) -> 0 | G15: =+B15*RIGHT($G$12,3) -> 0 | H15: 1.375 | I15: 1.913 | J15: 3.667 | K15: 1 | L15: 1 | M15: 1 | N15: =+C15*H15*K15 -> 0 | O15: =+D15*I15*L15 -> 0 | P15: =+E15*J15*M15 -> 0 | Q15: =+(N15+O15+P15)/1000 -> 0 | R15: 0.5832855 | S15: =+Q15+R15 -> 0.5832855
A16: 3 | B16: 0 | C16: =+B16*RIGHT($C$12,3) -> 0 | D16: =+B16*RIGHT($D$12,3) -> 0 | E16: =+B16*RIGHT($E$12,3) -> 0 | F16: =+B16*RIGHT($F$12,3) -> 0 | G16: =+B16*RIGHT($G$12,3) -> 0 | H16: 1.375 | I16: 1.913 | J16: 3.667 | K16: 1 | L16: 1 | M16: 1 | N16: =+C16*H16*K16 -> 0 | O16: =+D16*I16*L16 -> 0 | P16: =+E16*J16*M16 -> 0 | Q16: =+(N16+O16+P16)/1000 -> 0 | R16: 1.166571 | S16: =+Q16+R16 -> 1.166571
A17: 4 | B17: 0 | C17: =+B17*RIGHT($C$12,3) -> 0 | D17: =+B17*RIGHT($D$12,3) -> 0 | E17: =+B17*RIGHT($E$12,3) -> 0 | F17: =+B17*RIGHT($F$12,3) -> 0 | G17: =+B17*RIGHT($G$12,3) -> 0 | H17: 1.375 | I17: 1.913 | J17: 3.667 | K17: 1 | L17: 1 | M17: 1 | N17: =+C17*H17*K17 -> 0 | O17: =+D17*I17*L17 -> 0 | P17: =+E17*J17*M17 -> 0 | Q17: =+(N17+O17+P17)/1000 -> 0 | R17: 1.4721015 | S17: =+Q17+R17 -> 1.4721015
A18: 5 | B18: 0 | C18: =+B18*RIGHT($C$12,3) -> 0 | D18: =+B18*RIGHT($D$12,3) -> 0 | E18: =+B18*RIGHT($E$12,3) -> 0 | F18: =+B18*RIGHT($F$12,3) -> 0 | G18: =+B18*RIGHT($G$12,3) -> 0 | H18: 1.375 | I18: 1.913 | J18: 3.667 | K18: 1 | L18: 1 | M18: 1 | N18: =+C18*H18*K18 -> 0 | O18: =+D18*I18*L18 -> 0 | P18: =+E18*J18*M18 -> 0 | Q18: =+(N18+O18+P18)/1000 -> 0 | R18: 1.944285 | S18: =+Q18+R18 -> 1.944285
A19: 6 | B19: 735 | C19: =+B19*RIGHT($C$12,3) -> 36.75 | D19: =+B19*RIGHT($D$12,3) -> 110.25 | E19: =+B19*RIGHT($E$12,3) -> 36.75 | F19: =+B19*RIGHT($F$12,3) -> 183.75 | G19: =+B19*RIGHT($G$12,3) -> 183.75 | H19: 1.375 | I19: 1.913 | J19: 3.667 | K19: 1 | L19: 1 | M19: 1 | N19: =+C19*H19*K19 -> 50.53125 | O19: =+D19*I19*L19 -> 210.90825 | P19: =+E19*J19*M19 -> 134.76225 | Q19: =+(N19+O19+P19)/1000 -> 0.39620175 | R19: 0.111102 | S19: =+Q19+R19 -> 0.50730375
A20: 7 | B20: 1085 | C20: =+B20*RIGHT($C$12,3) -> 54.25 | D20: =+B20*RIGHT($D$12,3) -> 162.75 | E20: =+B20*RIGHT($E$12,3) -> 54.25 | F20: =+B20*RIGHT($F$12,3) -> 271.25 | G20: =+B20*RIGHT($G$12,3) -> 271.25 | H20: 1.375 | I20: 1.913 | J20: 3.667 | K20: 1 | L20: 1 | M20: 1 | N20: =+C20*H20*K20 -> 74.59375 | O20: =+D20*I20*L20 -> 311.34075 | P20: =+E20*J20*M20 -> 198.93475 | Q20: =+(N20+O20+P20)/1000 -> 0.58486925 | R20: 0 | S20: =+Q20+R20 -> 0.58486925
A21: 8 | B21: 520 | C21: =+B21*RIGHT($C$12,3) -> 26 | D21: =+B21*RIGHT($D$12,3) -> 78 | E21: =+B21*RIGHT($E$12,3) -> 26 | F21: =+B21*RIGHT($F$12,3) -> 130 | G21: =+B21*RIGHT($G$12,3) -> 130 | H21: 1.375 | I21: 1.913 | J21: 3.667 | K21: 1 | L21: 1 | M21: 1 | N21: =+C21*H21*K21 -> 35.75 | O21: =+D21*I21*L21 -> 149.214 | P21: =+E21*J21*M21 -> 95.342 | Q21: =+(N21+O21+P21)/1000 -> 0.280306 | R21: 0 | S21: =+Q21+R21 -> 0.280306
A22: 9 | B22: 1780 | C22: =+B22*RIGHT($C$12,3) -> 89 | D22: =+B22*RIGHT($D$12,3) -> 267 | E22: =+B22*RIGHT($E$12,3) -> 89 | F22: =+B22*RIGHT($F$12,3) -> 445 | G22: =+B22*RIGHT($G$12,3) -> 445 | H22: 1.375 | I22: 1.913 | J22: 3.667 | K22: 1 | L22: 1 | M22: 1 | N22: =+C22*H22*K22 -> 122.375 | O22: =+D22*I22*L22 -> 510.771 | P22: =+E22*J22*M22 -> 326.363 | Q22: =+(N22+O22+P22)/1000 -> 0.959509 | R22: 0 | S22: =+Q22+R22 -> 0.959509
A23: 10 | B23: 810 | C23: =+B23*RIGHT($C$12,3) -> 40.5 | D23: =+B23*RIGHT($D$12,3) -> 121.5 | E23: =+B23*RIGHT($E$12,3) -> 40.5 | F23: =+B23*RIGHT($F$12,3) -> 202.5 | G23: =+B23*RIGHT($G$12,3) -> 202.5 | H23: 1.375 | I23: 1.913 | J23: 3.667 | K23: 1 | L23: 1 | M23: 1 | N23: =+C23*H23*K23 -> 55.6875 | O23: =+D23*I23*L23 -> 232.4295 | P23: =+E23*J23*M23 -> 148.5135 | Q23: =+(N23+O23+P23)/1000 -> 0.4366305 | R23: 0 | S23: =+Q23+R23 -> 0.4366305
A24: 11 | B24: 965 | C24: =+B24*RIGHT($C$12,3) -> 48.25 | D24: =+B24*RIGHT($D$12,3) -> 144.75 | E24: =+B24*RIGHT($E$12,3) -> 48.25 | F24: =+B24*RIGHT($F$12,3) -> 241.25 | G24: =+B24*RIGHT($G$12,3) -> 241.25 | H24: 1.375 | I24: 1.913 | J24: 3.667 | K24: 1 | L24: 1 | M24: 1 | N24: =+C24*H24*K24 -> 66.34375 | O24: =+D24*I24*L24 -> 276.90675 | P24: =+E24*J24*M24 -> 176.93275 | Q24: =+(N24+O24+P24)/1000 -> 0.52018325 | R24: 0 | S24: =+Q24+R24 -> 0.52018325
A25: 12 | B25: 1365 | C25: =+B25*RIGHT($C$12,3) -> 68.25 | D25: =+B25*RIGHT($D$12,3) -> 204.75 | E25: =+B25*RIGHT($E$12,3) -> 68.25 | F25: =+B25*RIGHT($F$12,3) -> 341.25 | G25: =+B25*RIGHT($G$12,3) -> 341.25 | H25: 1.375 | I25: 1.913 | J25: 3.667 | K25: 1 | L25: 1 | M25: 1 | N25: =+C25*H25*K25 -> 93.84375 | O25: =+D25*I25*L25 -> 391.68675 | P25: =+E25*J25*M25 -> 250.27275 | Q25: =+(N25+O25+P25)/1000 -> 0.73580325 | R25: 0 | S25: =+Q25+R25 -> 0.73580325
A26: Tổng | B26: =SUM(B14:B25) -> 7260 | N26: =SUM(N14:N25) -> 499.125 | O26: =SUM(O14:O25) -> 2083.257 | P26: =SUM(P14:P25) -> 1331.121 | Q26: =SUM(Q14:Q25) -> 3.913503 | R26: =SUM(R14:R25) -> 6.0272835 | S26: =+Q26+R26 -> 9.9407865
A29: Nguồn thông tin tham khảo:
A30: Phương trình phản ứng đốt cháy hoàn toàn Methyl alcohol (CH3OH) trong điều kiện dư Oxy
A31: (1) 2CH3OH + 3O2 -> 2CO2 + 4H2O
A32: Phương trình phản ứng đốt cháy hoàn toàn Ethyl alcohol (C2H5OH) trong điều kiện dư Oxy | R32: =+(2*12+2*16*2)/(2*12+6*1+1*16) -> 1.9130435
A33: (2) C2H5OH + 3O2 -> 2CO2 + 3H2O
A34: Phương trình phản ứng đốt cháy hoàn toàn Graphite (C) trong điều kiện dư Oxy
A35: (3) C + O2 -> CO2
A36: Hệ số chuyển đổi từ lượng Methyl alcohol (CH3OH) thành CO2 theo (1)
A37: = (2*12+2*16*2)/ (2*12+2*1*4+2*16) = 1.375
A38: Hệ số chuyển đổi từ lượng Ethyl alcohol (C2H5OH) thành CO2 theo (2)
A39: = (2*12+2*16*2)/ (2*12+6*1+1*16) = 1.913
A40: Hệ số chuyển đổi từ lượng Graphite (C) thành CO2 theo (3)
A41: = (12+16*2)/ (12) = 3.667
A42: Hệ số | D42: Giá trị | G42: Ghi chú
A43: Khối lượng nguyên tử Carbon | D43: 12
A44: Khối lượng nguyên tử Oxygen | D44: 16
A45: Khối lượng nguyên tử Hydro | D45: 1

Sheet 1.1.9 Cồn Công nghiệp
C1: GHG EMISSION FROM ETHANOL FOR PRODUCTION/ BẢNG TÍNH PHÁT THẢI ETHANOL CHO QUÁ TRÌNH SẢN XUẤT YEAR/NĂM: 2024 | G1: Emission code/ Mã nguồn phát thải 1.1.9
A5: Emission sources: Direct - Ethanol for production
A6: GHG Emissions: CO2
A7: Scope: Scope 1 emissions - Direct
A8: Results calculator:
A10: Month | B10: Usage amount (lít) | C10: Convert Factor lít to kg | D10: C2H5OH Puritiy (%) | E10: Convert 2H5OH (kg) | F10: Convert Factor | G10: Total emissions in terms of CO2 equivalents (metric tons)
A12: (1) | B12: (2) | C12: (3) | D12: (4) | E12: (5) = (2) *(3)*(4) | F12: (6) | G12: (7) = (5)*(6)/1000
A13: 1 | B13: 2118 | C13: 0.792 | D13: 0.96 | E13: =+B13*C13*D13 -> 1610.3578 | F13: 1.913 | G13: =+E13*F13/1000 -> 3.0806144
A14: 2 | B14: 1412 | C14: 0.792 | D14: 0.96 | E14: =+B14*C14*D14 -> 1073.5718 | F14: 1.913 | G14: =+E14*F14/1000 -> 2.0537429
A15: 3 | B15: 2108 | C15: 0.792 | D15: 0.96 | E15: =+B15*C15*D15 -> 1602.7546 | F15: 1.913 | G15: =+E15*F15/1000 -> 3.0660695
A16: 4 | B16: 3361 | C16: 0.792 | D16: 0.96 | E16: =+B16*C16*D16 -> 2555.4355 | F16: 1.913 | G16: =+E16*F16/1000 -> 4.8885481
A17: 5 | B17: 2585 | C17: 0.792 | D17: 0.96 | E17: =+B17*C17*D17 -> 1965.4272 | F17: 1.913 | G17: =+E17*F17/1000 -> 3.7598622
A18: 6 | B18: 3643 | C18: 0.792 | D18: 0.96 | E18: =+B18*C18*D18 -> 2769.8458 | F18: 1.913 | G18: =+E18*F18/1000 -> 5.2987149
A19: 7 | B19: 4116 | C19: 0.792 | D19: 0.96 | E19: =+B19*C19*D19 -> 3129.4771 | F19: 1.913 | G19: =+E19*F19/1000 -> 5.9866897
A20: 8 | B20: 4447 | C20: 0.792 | D20: 0.96 | E20: =+B20*C20*D20 -> 3381.143 | F20: 1.913 | G20: =+E20*F20/1000 -> 6.4681266
A21: 9 | B21: 4585 | C21: 0.792 | D21: 0.96 | E21: =+B21*C21*D21 -> 3486.0672 | F21: 1.913 | G21: =+E21*F21/1000 -> 6.6688466
A22: 10 | B22: 4150 | C22: 0.792 | D22: 0.96 | E22: =+B22*C22*D22 -> 3155.328 | F22: 1.913 | G22: =+E22*F22/1000 -> 6.0361425
A23: 11 | B23: 4350 | C23: 0.792 | D23: 0.96 | E23: =+B23*C23*D23 -> 3307.392 | F23: 1.913 | G23: =+E23*F23/1000 -> 6.3270409
A24: 12 | B24: 3700 | C24: 0.792 | D24: 0.96 | E24: =+B24*C24*D24 -> 2813.184 | F24: 1.913 | G24: =+E24*F24/1000 -> 5.381621
A25: Tổng | B25: =SUM(B13:B24) -> 40575 | E25: =SUM(E13:E24) -> 30849.984 | G25: =SUM(G13:G24) -> 59.016019
A28: Nguồn thông tin tham khảo:
A29: Phương trình phản ứng đốt cháy hoàn toàn C2H5OH
A30: C2H5OH +3.5O2 -> 2CO2 + 3H2O
A31: Hệ số chuyển đổi Ethanol sang CO2
A32: = 2*(12+16*2)/ (2*12+6*1+16) = 1.913
A34: Hệ số | E34: Giá trị | F34: Ghi chú
A35: Khối lượng nguyên tử Carbon | E35: 12
A36: Khối lượng nguyên tử Oxygen | E36: 16
A37: Khối lượng nguyên tử Hydrogen | E37: 1
A59: Nguồn thông tin tham khảo:
A61: Hệ số chuyển đổi | E61: Giá trị
A62: Chuyển đổi đơn vị kg/Gg | E62: *10^-6
A63: Tỷ trọng quy đổi xăng từ Lít/kg | E63: 0.74
A64: Hệ số xăng đốt tĩnh | E64: Giá trị | G64: Đơn vị
A65: Nhiệt trị | E65: 44.3 | G65: TJ/Gg
A66: Hệ số phát thải CO2 | E66: 69300 | G66: kg/TJ
A67: Hệ số phát thải CH4 | E67: 10 | G67: kg/TJ
A68: Hệ số phát thải N2O | E68: 0.6 | G68: kg/TJ
A69: Hệ số GWP 100 của CH4 | E69: 27.9
A70: Hệ số GWP 100 của N2O | E70: 273

Sheet 1.1.10. CO2 kết dính thao
C1: GHG EMISSION FROM CO2 TANK AND BOTTLES PRODUCTION BẢNG TÍNH TOÁN LƯỢNG PHÁT THẢI TỪ BỒN VÀ CHAI CO2 NĂM: 2024 | J1: Emission code/ Mã nguồn phát thải 1.1.10
A4: Emission sources: direct Emissions - CO2 for production
A5: GHG Emissions: CO2.
A6: Scope: Scope 1 emissions - direct
A7: Results calculator:
A8: No. | B8: Month | C8: CO2 sử dụng từ bồn (kg) | D8: Hàm lượng CO2 tinh khiết trong bồn theo khối lượng (%) | E8: CO2 sử dụng từ chai (kg) | F8: Hàm lượng CO2 tinh khiết trong chai theo khối lượng (%) | G8: Tổng lượng CO2 sử dụng từ bồn và chai (kg) | H8: Tổng lượng CO2 tính theo lượng nước thủy tinh sử dụng (tấn) | I8: Lượng CO2 thất thoát | J8: Phát thải GHG (tấn CO2)
A9: (1) | B9: (2) | C9: (3) | D9: (4) | E9: (5) | F9: (6) | G9: (7) | H9: (8) | I9: (9) | J9: (10)=(9) /1000
A10: 1 | B10: 1 | C10: 8930 | D10: 0.999 | E10: 250 | F10: 0.999 | G10: =+C10*D10+E10*F10 -> 9170.82 | H10: 0.10108 | I10: =+G10-H10*1000 -> 9069.74 | J10: =+I10/1000 -> 9.06974
B11: 2 | C11: 6000 | D11: 0.999 | E11: 100 | F11: 0.999 | G11: =+C11*D11+E11*F11 -> 6093.9 | H11: 0.1444 | I11: =+G11-H11*1000 -> 5949.5 | J11: =+I11/1000 -> 5.9495
B12: 3 | C12: 9395 | D12: 0.999 | E12: 150 | F12: 0.999 | G12: =+C12*D12+E12*F12 -> 9535.455 | H12: 0.1444 | I12: =+G12-H12*1000 -> 9391.055 | J12: =+I12/1000 -> 9.391055
B13: 4 | C13: 7540 | D13: 0.999 | E13: 300 | F13: 0.999 | G13: =+C13*D13+E13*F13 -> 7832.16 | H13: 0.141512 | I13: =+G13-H13*1000 -> 7690.648 | J13: =+I13/1000 -> 7.690648
B14: 5 | C14: 18130 | D14: 0.999 | E14: 500 | F14: 0.999 | G14: =+C14*D14+E14*F14 -> 18611.37 | H14: 0.1444 | I14: =+G14-H14*1000 -> 18466.97 | J14: =+I14/1000 -> 18.46697
B15: 6 | C15: 11570 | D15: 0.999 | E15: 250 | F15: 0.999 | G15: =+C15*D15+E15*F15 -> 11808.18 | H15: 0.1444 | I15: =+G15-H15*1000 -> 11663.78 | J15: =+I15/1000 -> 11.66378
B16: 7 | C16: 7800 | D16: 0.999 | E16: 200 | F16: 0.999 | G16: =+C16*D16+E16*F16 -> 7992 | H16: 0.0722 | I16: =+G16-H16*1000 -> 7919.8 | J16: =+I16/1000 -> 7.9198
B17: 8 | C17: 9000 | D17: 0.999 | E17: 350 | F17: 0.999 | G17: =+C17*D17+E17*F17 -> 9340.65 | H17: 0 | I17: =+G17-H17*1000 -> 9340.65 | J17: =+I17/1000 -> 9.34065
B18: 9 | C18: 15000 | D18: 0.999 | E18: 150 | F18: 0.999 | G18: =+C18*D18+E18*F18 -> 15134.85 | H18: 0.02888 | I18: =+G18-H18*1000 -> 15105.97 | J18: =+I18/1000 -> 15.10597
B19: 10 | C19: 7600 | D19: 0.999 | E19: 425 | F19: 0.999 | G19: =+C19*D19+E19*F19 -> 8016.975 | H19: 0.0722 | I19: =+G19-H19*1000 -> 7944.775 | J19: =+I19/1000 -> 7.944775
B20: 11 | C20: 8000 | D20: 0.999 | E20: 125 | F20: 0.999 | G20: =+C20*D20+E20*F20 -> 8116.875 | H20: 0.0722 | I20: =+G20-H20*1000 -> 8044.675 | J20: =+I20/1000 -> 8.044675
B21: 12 | C21: 7500 | D21: 0.999 | E21: 200 | F21: 0.999 | G21: =+C21*D21+E21*F21 -> 7692.3 | H21: 0.02888 | I21: =+G21-H21*1000 -> 7663.42 | J21: =+I21/1000 -> 7.66342
A22: Tổng | C22: =SUM(C10:C21) -> 116465 | E22: =SUM(E10:E21) -> 3000 | G22: =SUM(G10:G21) -> 119345.54 | H22: =SUM(H10:H21) -> 1.094552 | I22: =SUM(I10:I21) -> 118250.98 | J22: =SUM(J10:J21) -> 118.25098
H23: =+H22*1000 -> 1094.552
A25: Nguồn thông tin tham khảo:
A26: Phương trình phản ứng ban đầu tạo kết dính thao
A27: (1) Na2SiO3 + CO2 -> Na2CO3 + SiO2
A28: Phương trình phản ứng phân hủy Na2CO3 ở nhiệt độ cao khi rót kim loại nóng chảy vào ở quá trình đúc
A29: (2) Na2CO3 + CO2 -> Na2O + CO2
A30: Tính lượng CO2 tạo thành từ lượng nước thủy tinh sử dụng theo (1) và (2)
A31: mCO2_nước thủy tinh = (mNa2SiO3_used/(23*2+28+16*3))*44
A32: Tính tổng lượng CO2 sử dụng từ bồn và chai
A33: mCO2_tổng= mCO2_bồn + mCO2_chai
A34: Tính lượng CO2 thất thoát
A35: mCO2_emission= mCO2_tổng - mCO2_nước thủy tinh
G36: =+(7500/(23*2+28+16*3))*44 -> 2704.918
A38: Hệ số | E38: Giá trị | H38: Ghi chú
A39: Khối lượng nguyên tử Carbon | E39: 12
A40: Khối lượng nguyên tử Oxygen | E40: 16
A41: Khối lượng nguyên tử Natri | E41: 23
A42: Khối lượng nguyên tử Silic | E42: 28

Sheet 1.2.1 DO Xe nângNB Offroad
C1: EMISSION FROM OIL FOR FORKLIFT/ BẢNG TÍNH PHÁT THẢI DẦU DO CHO XE NÂNG NĂM: 2024 | M1: Emission code/ Mã nguồn phát thải 1.2.1
A5: Emission sources: Direct - DO for forklift
A6: GHG Emissions: CO2, CH4, NO2
A7: Scope: Scope 1 emissions - Direct
A8: Results calculator:
A10: Month | B10: Usage amount (Lít) | C10: Convert Units (Gg) | D10: Net calorific value (TJ/Gg) | E10: Conversion Net Calorific Values (TJ) | F10: Emissions factors (kg of greenhouse gas per TJ on a Net Calorific Basis) | I10: Results calculator | L10: GWP 100 CH4 | M10: GWP 100 N2O | N10: Total emissions in terms of CO2 equivalents (metric tons)
F11: kg/TJ CO2 | G11: kg/TJ CH4 | H11: kg/TJ N2O | I11: CO2 emissions in metric kg | J11: CH4 emissions in metric kg | K11: N2O emissions in metric kg
A12: (1) | B12: (2) | C12: (3) = (2) * 0.84/10^6 | D12: (4) | E12: (5) = (4)*(3) | F12: (6) | G12: (7) | H12: (8) | I12: (9) = (5)*(6) | J12: (10) = (5)*(7) | K12: (11) = (5)*(8) | L12: (12) | M12: (13) | N12: (14) = ((9) + (10)*(12) + (11)*(13))/1000
A13: 1 | B13: 1466 | C13: =+B13*0.84/10^6 -> 0.00123144 | D13: 43 | E13: =+C13*D13 -> 0.05295192 | F13: =+$D$35 -> 74100 | G13: =+$D$36 -> 4.15 | H13: =+$D$37 -> 28.6 | I13: =+E13*F13 -> 3923.7373 | J13: =+E13*G13 -> 0.21975047 | K13: =+E13*H13 -> 1.5144249 | L13: 27.9 | M13: 273 | N13: =+(I13+J13*L13+K13*M13)/1000 -> 4.3433063
A14: 2 | B14: 839 | C14: =+B14*0.84/10^6 -> 0.00070476 | D14: 43 | E14: =+C14*D14 -> 0.03030468 | F14: =+$D$35 -> 74100 | G14: =+$D$36 -> 4.15 | H14: =+$D$37 -> 28.6 | I14: =+E14*F14 -> 2245.5768 | J14: =+E14*G14 -> 0.12576442 | K14: =+E14*H14 -> 0.86671385 | L14: 27.9 | M14: 273 | N14: =+(I14+J14*L14+K14*M14)/1000 -> 2.4856985
A15: 3 | B15: 1364 | C15: =+B15*0.84/10^6 -> 0.00114576 | D15: 43 | E15: =+C15*D15 -> 0.04926768 | F15: =+$D$35 -> 74100 | G15: =+$D$36 -> 4.15 | H15: =+$D$37 -> 28.6 | I15: =+E15*F15 -> 3650.7351 | J15: =+E15*G15 -> 0.20446087 | K15: =+E15*H15 -> 1.4090556 | L15: 27.9 | M15: 273 | N15: =+(I15+J15*L15+K15*M15)/1000 -> 4.0411117
A16: 4 | B16: 1253 | C16: =+B16*0.84/10^6 -> 0.00105252 | D16: 43 | E16: =+C16*D16 -> 0.04525836 | F16: =+$D$35 -> 74100 | G16: =+$D$36 -> 4.15 | H16: =+$D$37 -> 28.6 | I16: =+E16*F16 -> 3353.6445 | J16: =+E16*G16 -> 0.18782219 | K16: =+E16*H16 -> 1.2943891 | L16: 27.9 | M16: 273 | N16: =+(I16+J16*L16+K16*M16)/1000 -> 3.7122529
A17: 5 | B17: 1346 | C17: =+B17*0.84/10^6 -> 0.00113064 | D17: 43 | E17: =+C17*D17 -> 0.04861752 | F17: =+$D$35 -> 74100 | G17: =+$D$36 -> 4.15 | H17: =+$D$37 -> 28.6 | I17: =+E17*F17 -> 3602.5582 | J17: =+E17*G17 -> 0.20176271 | K17: =+E17*H17 -> 1.3904611 | L17: 27.9 | M17: 273 | N17: =+(I17+J17*L17+K17*M17)/1000 -> 3.9877833
A18: 6 | B18: 1290 | C18: =+B18*0.84/10^6 -> 0.0010836 | D18: 43 | E18: =+C18*D18 -> 0.0465948 | F18: =+$D$35 -> 74100 | G18: =+$D$36 -> 4.15 | H18: =+$D$37 -> 28.6 | I18: =+E18*F18 -> 3452.6747 | J18: =+E18*G18 -> 0.19336842 | K18: =+E18*H18 -> 1.3326113 | L18: 27.9 | M18: 273 | N18: =+(I18+J18*L18+K18*M18)/1000 -> 3.8218725
A19: 7 | B19: 1426 | C19: =+B19*0.84/10^6 -> 0.00119784 | D19: 43 | E19: =+C19*D19 -> 0.05150712 | F19: =+$D$35 -> 74100 | G19: =+$D$36 -> 4.15 | H19: =+$D$37 -> 28.6 | I19: =+E19*F19 -> 3816.6776 | J19: =+E19*G19 -> 0.21375455 | K19: =+E19*H19 -> 1.4731036 | L19: 27.9 | M19: 273 | N19: =+(I19+J19*L19+K19*M19)/1000 -> 4.2247986
A20: 8 | B20: 1781 | C20: =+B20*0.84/10^6 -> 0.00149604 | D20: 43 | E20: =+C20*D20 -> 0.06432972 | F20: =+$D$35 -> 74100 | G20: =+$D$36 -> 4.15 | H20: =+$D$37 -> 28.6 | I20: =+E20*F20 -> 4766.8323 | J20: =+E20*G20 -> 0.26696834 | K20: =+E20*H20 -> 1.83983 | L20: 27.9 | M20: 273 | N20: =+(I20+J20*L20+K20*M20)/1000 -> 5.2765543
A21: 9 | B21: 1393 | C21: =+B21*0.84/10^6 -> 0.00117012 | D21: 43 | E21: =+C21*D21 -> 0.05031516 | F21: =+$D$35 -> 74100 | G21: =+$D$36 -> 4.15 | H21: =+$D$37 -> 28.6 | I21: =+E21*F21 -> 3728.3534 | J21: =+E21*G21 -> 0.20880791 | K21: =+E21*H21 -> 1.4390136 | L21: 27.9 | M21: 273 | N21: =+(I21+J21*L21+K21*M21)/1000 -> 4.1270298
A22: 10 | B22: 908 | C22: =+B22*0.84/10^6 -> 0.00076272 | D22: 43 | E22: =+C22*D22 -> 0.03279696 | F22: =+$D$35 -> 74100 | G22: =+$D$36 -> 4.15 | H22: =+$D$37 -> 28.6 | I22: =+E22*F22 -> 2430.2547 | J22: =+E22*G22 -> 0.13610738 | K22: =+E22*H22 -> 0.93799306 | L22: 27.9 | M22: 273 | N22: =+(I22+J22*L22+K22*M22)/1000 -> 2.6901242
A23: 11 | B23: 1085 | C23: =+B23*0.84/10^6 -> 0.0009114 | D23: 43 | E23: =+C23*D23 -> 0.0391902 | F23: =+$D$35 -> 74100 | G23: =+$D$36 -> 4.15 | H23: =+$D$37 -> 28.6 | I23: =+E23*F23 -> 2903.9938 | J23: =+E23*G23 -> 0.16263933 | K23: =+E23*H23 -> 1.1208397 | L23: 27.9 | M23: 273 | N23: =+(I23+J23*L23+K23*M23)/1000 -> 3.2145207
A24: 12 | B24: 1212 | C24: =+B24*0.84/10^6 -> 0.00101808 | D24: 43 | E24: =+C24*D24 -> 0.04377744 | F24: =+$D$35 -> 74100 | G24: =+$D$36 -> 4.15 | H24: =+$D$37 -> 28.6 | I24: =+E24*F24 -> 3243.9083 | J24: =+E24*G24 -> 0.18167638 | K24: =+E24*H24 -> 1.2520348 | L24: 27.9 | M24: 273 | N24: =+(I24+J24*L24+K24*M24)/1000 -> 3.5907826
A25: Tổng | B25: =SUM(B13:B24) -> 15363 | C25: =SUM(C13:C24) -> 0.01290492 | E25: =SUM(E13:E24) -> 0.55491156 | I25: =SUM(I13:I24) -> 41118.947 | J25: =SUM(J13:J24) -> 2.302883 | K25: =SUM(K13:K24) -> 15.870471 | N25: =SUM(N13:N24) -> 45.515836
I26: =+I25/1000 -> 41.118947 | J26: =+J25*L24/1000 -> 0.064250435 | K26: =+K25*M24/1000 -> 4.3326385
A28: Nguồn thông tin tham khảo:
A30: Hệ số chuyển đổi | D30: Giá trị | F30: Nguồn tham khảo
A31: Chuyển đổi đơn vị kg/Gg | D31: *10^-6 | F31: SI
A32: Tỷ trọng quy đổi dầu DO từ Lít/kg | D32: 0.84 | F32: TCVN 6240:2019
A33: Hệ số DO xe cẩu lốp nội bộ trong nhà máy đốt động OFF ROAD | D33: Giá trị | F33: Đơn vị | G33: Nguồn tham khảo | L33: Phương pháp áp dụng theo Hướng dẫn của IPCC
A34: Nhiệt trị dầu DO | D34: 43 | F34: TJ/Gg | G34: Bảng 1.2 Volumn 2 Chapter 1 IPCC 2006
A35: Hệ số phát thải CO2 | D35: 74100 | F35: kg/TJ | G35: Bảng 3.3.1 Volume 2 Chapter 3 IPCC 2006 | L35: Tier1/ Bậc 1
A36: Hệ số phát thải CH4 | D36: 4.15 | F36: kg/TJ | G36: Bảng 3.3.1 Volume 2 Chapter 3 IPCC 2006 | L36: Tier1/ Bậc 1
A37: Hệ số phát thải N2O | D37: 28.6 | F37: kg/TJ | G37: Bảng 3.3.1 Volume 2 Chapter 3 IPCC 2006 | L37: Tier1/ Bậc 1
A38: Hệ số GWP 100 của CH4 | D38: 27.9 | G38: Bảng Table 7.SM.7 IPCC_AR6_WGI_Chapter07_SM
A39: Hệ số GWP 100 của N2O | D39: 273 | G39: Bảng Table 7.SM.7 IPCC_AR6_WGI_Chapter07_SM

Sheet 1.2.2 DOXevậntảiBNOnroad
C1: EMISSION FROM DO FOR COMPANY'S OUTSIDE TRANSPORT VEHICLES/ BẢNG TÍNH PHÁT THẢI DẦU DO CHO XE VẬN TẢI BÊN NGOÀI CỦA CÔNG TY NĂM: 2024 | M1: Mã nguồn phát thải 1.2.2
A5: Emission sources: Direct - DO for transportation
A6: GHG Emissions: CO2, CH4, NO2
A7: Scope: Scope 1 emissions - Direct
A8: Results calculator:
A10: Month | B10: Usage amount (Lít) | C10: Convert Units (Gg) | D10: Net calorific value (TJ/Gg) | E10: Conversion Net Calorific Values (TJ) | F10: Emissions factors (kg of greenhouse gas per TJ on a Net Calorific Basis) | I10: Results calculator | L10: GWP 100 CH4 | M10: GWP 100 N2O | N10: Total emissions in terms of CO2 equivalents (metric tons) | O10: 1.2.1 DOXevậntải NB 2024 | P10: Tổng 1.3.1 DOXevậntải BN Onroad 2024 + 1..1 DOXevậntải NB 2024
F11: kg/TJ CO2 | G11: kg/TJ CH4 | H11: kg/TJ N2O | I11: CO2 emissions in metric kg | J11: CH4 emissions in metric kg | K11: N2O emissions in metric kg
A12: (1) | B12: (2) | C12: (3) = (2) * 0.84/10^6 | D12: (4) | E12: (5) = (4)*(3) | F12: (6) | G12: (7) | H12: (8) | I12: (9) = (5)*(6) | J12: (10) = (5)*(7) | K12: (11) = (5)*(8) | L12: (12) | M12: (13) | N12: (14) = ((9) + (10)*(12) + (11)*(13))/1000
A13: 1 | B13: 8252 | C13: =+B13*0.84/10^6 -> 0.00693168 | D13: 43 | E13: =+C13*D13 -> 0.29806224 | F13: =+$D$37 -> 74100 | G13: =+$D$38 -> 3.9 | H13: =+$D$39 -> 3.9 | I13: =+E13*F13 -> 22086.412 | J13: =+E13*G13 -> 1.1624427 | K13: =+E13*H13 -> 1.1624427 | L13: 27.9 | M13: 273 | N13: =+(I13+J13*L13+K13*M13)/1000 -> 22.436191 | O13: 0.82110151 | P13: =+N13+O13 -> 23.257293
A14: 2 | B14: 4477 | C14: =+B14*0.84/10^6 -> 0.00376068 | D14: 43 | E14: =+C14*D14 -> 0.16170924 | F14: =+$D$37 -> 74100 | G14: =+$D$38 -> 3.9 | H14: =+$D$39 -> 3.9 | I14: =+E14*F14 -> 11982.655 | J14: =+E14*G14 -> 0.63066604 | K14: =+E14*H14 -> 0.63066604 | L14: 27.9 | M14: 273 | N14: =+(I14+J14*L14+K14*M14)/1000 -> 12.172422 | O14: 0.057096463 | P14: =+N14+O14 -> 12.229519
A15: 3 | B15: 6714 | C15: =+B15*0.84/10^6 -> 0.00563976 | D15: 43 | E15: =+C15*D15 -> 0.24250968 | F15: =+$D$37 -> 74100 | G15: =+$D$38 -> 3.9 | H15: =+$D$39 -> 3.9 | I15: =+E15*F15 -> 17969.967 | J15: =+E15*G15 -> 0.94578775 | K15: =+E15*H15 -> 0.94578775 | L15: 27.9 | M15: 273 | N15: =+(I15+J15*L15+K15*M15)/1000 -> 18.254555 | O15: 0.51114929 | P15: =+N15+O15 -> 18.765704
A16: 4 | B16: 7001 | C16: =+B16*0.84/10^6 -> 0.00588084 | D16: 43 | E16: =+C16*D16 -> 0.25287612 | F16: =+$D$37 -> 74100 | G16: =+$D$38 -> 3.9 | H16: =+$D$39 -> 3.9 | I16: =+E16*F16 -> 18738.12 | J16: =+E16*G16 -> 0.98621687 | K16: =+E16*H16 -> 0.98621687 | L16: 27.9 | M16: 273 | N16: =+(I16+J16*L16+K16*M16)/1000 -> 19.034873 | O16: 0.52746256 | P16: =+N16+O16 -> 19.562336
A17: 5 | B17: 7584 | C17: =+B17*0.84/10^6 -> 0.00637056 | D17: 43 | E17: =+C17*D17 -> 0.27393408 | F17: =+$D$37 -> 74100 | G17: =+$D$38 -> 3.9 | H17: =+$D$39 -> 3.9 | I17: =+E17*F17 -> 20298.515 | J17: =+E17*G17 -> 1.0683429 | K17: =+E17*H17 -> 1.0683429 | L17: 27.9 | M17: 273 | N17: =+(I17+J17*L17+K17*M17)/1000 -> 20.61998 | O17: 0.50571153 | P17: =+N17+O17 -> 21.125691
A18: 6 | B18: 5878 | C18: =+B18*0.84/10^6 -> 0.00493752 | D18: 43 | E18: =+C18*D18 -> 0.21231336 | F18: =+$D$37 -> 74100 | G18: =+$D$38 -> 3.9 | H18: =+$D$39 -> 3.9 | I18: =+E18*F18 -> 15732.42 | J18: =+E18*G18 -> 0.8280221 | K18: =+E18*H18 -> 0.8280221 | L18: 27.9 | M18: 273 | N18: =+(I18+J18*L18+K18*M18)/1000 -> 15.981572 | O18: 0.17128939 | P18: =+N18+O18 -> 16.152861
A19: 7 | B19: 7953 | C19: =+B19*0.84/10^6 -> 0.00668052 | D19: 43 | E19: =+C19*D19 -> 0.28726236 | F19: =+$D$37 -> 74100 | G19: =+$D$38 -> 3.9 | H19: =+$D$39 -> 3.9 | I19: =+E19*F19 -> 21286.141 | J19: =+E19*G19 -> 1.1203232 | K19: =+E19*H19 -> 1.1203232 | L19: 27.9 | M19: 273 | N19: =+(I19+J19*L19+K19*M19)/1000 -> 21.623246 | O19: 0.50571153 | P19: =+N19+O19 -> 22.128958
A20: 8 | B20: 7396 | C20: =+B20*0.84/10^6 -> 0.00621264 | D20: 43 | E20: =+C20*D20 -> 0.26714352 | F20: =+$D$37 -> 74100 | G20: =+$D$38 -> 3.9 | H20: =+$D$39 -> 3.9 | I20: =+E20*F20 -> 19795.335 | J20: =+E20*G20 -> 1.0418597 | K20: =+E20*H20 -> 1.0418597 | L20: 27.9 | M20: 273 | N20: =+(I20+J20*L20+K20*M20)/1000 -> 20.10883 | O20: 0.56008911 | P20: =+N20+O20 -> 20.66892
A21: 9 | B21: 6034 | C21: =+B21*0.84/10^6 -> 0.00506856 | D21: 43 | E21: =+C21*D21 -> 0.21794808 | F21: =+$D$37 -> 74100 | G21: =+$D$38 -> 3.9 | H21: =+$D$39 -> 3.9 | I21: =+E21*F21 -> 16149.953 | J21: =+E21*G21 -> 0.84999751 | K21: =+E21*H21 -> 0.84999751 | L21: 27.9 | M21: 273 | N21: =+(I21+J21*L21+K21*M21)/1000 -> 16.405717 | O21: 0.28548231 | P21: =+N21+O21 -> 16.691199
A22: 10 | B22: 8949 | C22: =+B22*0.84/10^6 -> 0.00751716 | D22: 43 | E22: =+C22*D22 -> 0.32323788 | F22: =+$D$37 -> 74100 | G22: =+$D$38 -> 3.9 | H22: =+$D$39 -> 3.9 | I22: =+E22*F22 -> 23951.927 | J22: =+E22*G22 -> 1.2606277 | K22: =+E22*H22 -> 1.2606277 | L22: 27.9 | M22: 273 | N22: =+(I22+J22*L22+K22*M22)/1000 -> 24.33125 | O22: 0.41598851 | P22: =+N22+O22 -> 24.747238
A23: 11 | B23: 8225 | C23: =+B23*0.84/10^6 -> 0.006909 | D23: 43 | E23: =+C23*D23 -> 0.297087 | F23: =+$D$37 -> 74100 | G23: =+$D$38 -> 3.9 | H23: =+$D$39 -> 3.9 | I23: =+E23*F23 -> 22014.147 | J23: =+E23*G23 -> 1.1586393 | K23: =+E23*H23 -> 1.1586393 | L23: 27.9 | M23: 273 | N23: =+(I23+J23*L23+K23*M23)/1000 -> 22.362781 | O23: 0.56552687 | P23: =+N23+O23 -> 22.928308
A24: 12 | B24: 8853 | C24: =+B24*0.84/10^6 -> 0.00743652 | D24: 43 | E24: =+C24*D24 -> 0.31977036 | F24: =+$D$37 -> 74100 | G24: =+$D$38 -> 3.9 | H24: =+$D$39 -> 3.9 | I24: =+E24*F24 -> 23694.984 | J24: =+E24*G24 -> 1.2471044 | K24: =+E24*H24 -> 1.2471044 | L24: 27.9 | M24: 273 | N24: =+(I24+J24*L24+K24*M24)/1000 -> 24.070237 | O24: 0.62806109 | P24: =+N24+O24 -> 24.698298
A25: Tổng | B25: =SUM(B13:B24) -> 87316 | C25: =SUM(C13:C24) -> 0.07334544 | E25: =SUM(E13:E24) -> 3.1538539 | I25: =SUM(I13:I24) -> 233700.58 | J25: =SUM(J13:J24) -> 12.30003 | K25: =SUM(K13:K24) -> 12.30003 | N25: =SUM(N13:N24) -> 237.40165 | O25: 5.5546702 | P25: =SUM(P13:P24) -> 242.95632
I26: =+I25/1000 -> 233.70058 | J26: =+J25*L24/1000 -> 0.34317085 | K26: =+K25*M24/1000 -> 3.3579083
A30: Nguồn thông tin tham khảo:
A32: Hệ số chuyển đổi | F32: Giá trị
A33: Chuyển đổi đơn vị kg/Gg | F33: *10^-6
A34: Tỷ trọng quy đổi dầu DO từ Lít/kg | F34: 0.84
A35: Hệ số DO xe vận chuyển bên ngoài nhà máy đốt động ON ROAD | D35: Giá trị | F35: Đơn vị | G35: Nguồn tham khảo
A36: Nhiệt trị dầu DO | D36: 43 | F36: TJ/Gg | G36: Bảng 1.2 Volumn 2 Chapter 1 IPCC 2006
A37: Hệ số phát thải CO2 | D37: 74100 | F37: kg/TJ | G37: Quyết định 2626/QĐ-BTNMT Phụ lục 1 STT1.46
A38: Hệ số phát thải CH4 | D38: 3.9 | F38: kg/TJ | G38: Quyết định 2626/QĐ-BTNMT Phụ lục 1 STT1.47
A39: Hệ số phát thải N2O | D39: 3.9 | F39: kg/TJ | G39: Quyết định 2626/QĐ-BTNMT Phụ lục 1 STT1.48
A40: Hệ số GWP 100 của CH4 | D40: 27.9 | G40: Bảng Table 7.SM.7 IPCC_AR6_WGI_Chapter07_SM
A41: Hệ số GWP 100 của N2O | D41: 273 | G41: Bảng Table 7.SM.7 IPCC_AR6_WGI_Chapter07_SM

Sheet 1.2.3 Xăng Xe Onroad
C1: EMISSION FROM GASOLINE FOR COMPANY TRANSPORT VEHICLES/ BẢNG TÍNH PHÁT THẢI XĂNG CHO XE VẬN TẢI CỦA CÔNG TY NĂM: 2024 | M1: Mã nguồn phát thải 1.2.3
A5: Emission sources: Direct - Gasonline for transportation
A6: GHG Emissions: CO2, CH4, NO2
A7: Scope: Scope 1 emissions - Direct
A8: Results calculator:
A10: Month | B10: Usage amount (Lít) | C10: Convert Units (Gg) | D10: Net calorific value (TJ/Gg) | E10: Conversion Net Calorific Values (TJ) | F10: Emissions factors (kg of greenhouse gas per TJ on a Net Calorific Basis) | I10: Results calculator | L10: GWP 100 CH4 | M10: GWP 100 N2O | N10: Total emissions in terms of CO2 equivalents (metric tons)
F11: kg/TJ CO2 | G11: kg/TJ CH4 | H11: kg/TJ N2O | I11: CO2 emissions in metric kg | J11: CH4 emissions in metric kg | K11: N2O emissions in metric kg
A12: (1) | B12: (2) | C12: (3) = (2) * 0.74/10^6 | D12: (4) | E12: (5) = (4)*(3) | F12: (6) | G12: (7) | H12: (8) | I12: (9) = (5)*(6) | J12: (10) = (5)*(7) | K12: (11) = (5)*(8) | L12: (12) | M12: (13) | N12: (14) = ((9) + (10)*(12) + (11)*(13))/1000
A13: 1 | B13: 287.59 | C13: =+B13*$F$32/10^6 -> 0.0002128166 | D13: 44.3 | E13: =+C13*D13 -> 0.0094277754 | F13: =+$D$35 -> 69300 | G13: =+$D$36 -> 33 | H13: =+$D$37 -> 3.2 | I13: =+E13*F13 -> 653.34483 | J13: =+E13*G13 -> 0.31111659 | K13: =+E13*H13 -> 0.030168881 | L13: 27.9 | M13: 273 | N13: =+(I13+J13*L13+K13*M13)/1000 -> 0.67026109
A14: 2 | B14: 287.89 | C14: =+B14*$F$32/10^6 -> 0.0002130386 | D14: 44.3 | E14: =+C14*D14 -> 0.00943761 | F14: =+$D$35 -> 69300 | G14: =+$D$36 -> 33 | H14: =+$D$37 -> 3.2 | I14: =+E14*F14 -> 654.02637 | J14: =+E14*G14 -> 0.31144113 | K14: =+E14*H14 -> 0.030200352 | L14: 27.9 | M14: 273 | N14: =+(I14+J14*L14+K14*M14)/1000 -> 0.67096028
A15: 3 | B15: 407.32 | C15: =+B15*$F$32/10^6 -> 0.0003014168 | D15: 44.3 | E15: =+C15*D15 -> 0.013352764 | F15: =+$D$35 -> 69300 | G15: =+$D$36 -> 33 | H15: =+$D$37 -> 3.2 | I15: =+E15*F15 -> 925.34656 | J15: =+E15*G15 -> 0.44064122 | K15: =+E15*H15 -> 0.042728846 | L15: 27.9 | M15: 273 | N15: =+(I15+J15*L15+K15*M15)/1000 -> 0.94930543
A16: 4 | B16: 374.65 | C16: =+B16*$F$32/10^6 -> 0.000277241 | D16: 44.3 | E16: =+C16*D16 -> 0.012281776 | F16: =+$D$35 -> 69300 | G16: =+$D$36 -> 33 | H16: =+$D$37 -> 3.2 | I16: =+E16*F16 -> 851.1271 | J16: =+E16*G16 -> 0.40529862 | K16: =+E16*H16 -> 0.039301684 | L16: 27.9 | M16: 273 | N16: =+(I16+J16*L16+K16*M16)/1000 -> 0.87316429
A17: 5 | B17: 461.65 | C17: =+B17*$F$32/10^6 -> 0.000341621 | D17: 44.3 | E17: =+C17*D17 -> 0.01513381 | F17: =+$D$35 -> 69300 | G17: =+$D$36 -> 33 | H17: =+$D$37 -> 3.2 | I17: =+E17*F17 -> 1048.7731 | J17: =+E17*G17 -> 0.49941574 | K17: =+E17*H17 -> 0.048428193 | L17: 27.9 | M17: 273 | N17: =+(I17+J17*L17+K17*M17)/1000 -> 1.0759276
A18: 6 | B18: 445.21 | C18: =+B18*$F$32/10^6 -> 0.0003294554 | D18: 44.3 | E18: =+C18*D18 -> 0.014594874 | F18: =+$D$35 -> 69300 | G18: =+$D$36 -> 33 | H18: =+$D$37 -> 3.2 | I18: =+E18*F18 -> 1011.4248 | J18: =+E18*G18 -> 0.48163085 | K18: =+E18*H18 -> 0.046703598 | L18: 27.9 | M18: 273 | N18: =+(I18+J18*L18+K18*M18)/1000 -> 1.0376124
A19: 7 | B19: 421.99 | C19: =+B19*$F$32/10^6 -> 0.0003122726 | D19: 44.3 | E19: =+C19*D19 -> 0.013833676 | F19: =+$D$35 -> 69300 | G19: =+$D$36 -> 33 | H19: =+$D$37 -> 3.2 | I19: =+E19*F19 -> 958.67376 | J19: =+E19*G19 -> 0.45651131 | K19: =+E19*H19 -> 0.044267764 | L19: 27.9 | M19: 273 | N19: =+(I19+J19*L19+K19*M19)/1000 -> 0.98349552
A20: 8 | B20: 363.53 | C20: =+B20*$F$32/10^6 -> 0.0002690122 | D20: 44.3 | E20: =+C20*D20 -> 0.01191724 | F20: =+$D$35 -> 69300 | G20: =+$D$36 -> 33 | H20: =+$D$37 -> 3.2 | I20: =+E20*F20 -> 825.86476 | J20: =+E20*G20 -> 0.39326894 | K20: =+E20*H20 -> 0.038135169 | L20: 27.9 | M20: 273 | N20: =+(I20+J20*L20+K20*M20)/1000 -> 0.84724787
A21: 9 | B21: 344.98 | C21: =+B21*$F$32/10^6 -> 0.0002552852 | D21: 44.3 | E21: =+C21*D21 -> 0.011309134 | F21: =+$D$35 -> 69300 | G21: =+$D$36 -> 33 | H21: =+$D$37 -> 3.2 | I21: =+E21*F21 -> 783.72301 | J21: =+E21*G21 -> 0.37320143 | K21: =+E21*H21 -> 0.03618923 | L21: 27.9 | M21: 273 | N21: =+(I21+J21*L21+K21*M21)/1000 -> 0.80401499
A22: 10 | B22: 510.62 | C22: =+B22*$F$32/10^6 -> 0.0003778588 | D22: 44.3 | E22: =+C22*D22 -> 0.016739145 | F22: =+$D$35 -> 69300 | G22: =+$D$36 -> 33 | H22: =+$D$37 -> 3.2 | I22: =+E22*F22 -> 1160.0227 | J22: =+E22*G22 -> 0.55239178 | K22: =+E22*H22 -> 0.053565263 | L22: 27.9 | M22: 273 | N22: =+(I22+J22*L22+K22*M22)/1000 -> 1.1900578
A23: 11 | B23: 622.67 | C23: =+B23*$F$32/10^6 -> 0.0004607758 | D23: 44.3 | E23: =+C23*D23 -> 0.020412368 | F23: =+$D$35 -> 69300 | G23: =+$D$36 -> 33 | H23: =+$D$37 -> 3.2 | I23: =+E23*F23 -> 1414.5771 | J23: =+E23*G23 -> 0.67360814 | K23: =+E23*H23 -> 0.065319577 | L23: 27.9 | M23: 273 | N23: =+(I23+J23*L23+K23*M23)/1000 -> 1.451203
A24: 12 | B24: 561.2 | C24: =+B24*$F$32/10^6 -> 0.000415288 | D24: 44.3 | E24: =+C24*D24 -> 0.018397258 | F24: =+$D$35 -> 69300 | G24: =+$D$36 -> 33 | H24: =+$D$37 -> 3.2 | I24: =+E24*F24 -> 1274.93 | J24: =+E24*G24 -> 0.60710953 | K24: =+E24*H24 -> 0.058871227 | L24: 27.9 | M24: 273 | N24: =+(I24+J24*L24+K24*M24)/1000 -> 1.3079402
A25: Tổng | B25: =SUM(B13:B24) -> 5089.3 | C25: =SUM(C13:C24) -> 0.003766082 | E25: =SUM(E13:E24) -> 0.16683743 | I25: =SUM(I13:I24) -> 11561.834 | J25: =SUM(J13:J24) -> 5.5056353 | K25: =SUM(K13:K24) -> 0.53387978 | N25: =SUM(N13:N24) -> 11.86119
I26: =+I25/1000 -> 11.561834 | J26: =+J25*L24/1000 -> 0.15360722 | K26: =+K25*M24/1000 -> 0.14574918
A28: Nguồn thông tin tham khảo:
A30: Hệ số chuyển đổi | F30: Giá trị
A31: Chuyển đổi đơn vị kg/Gg | F31: *10^-6
A32: Tỷ trọng quy đổi xăng từ Lít/kg | F32: 0.74
A33: Hệ số xăng xe vận chuyển bên ngoài nhà máy đốt động ON ROAD | D33: Giá trị | F33: Đơn vị | G33: Nguồn tham khảo
A34: Nhiệt trị xăng | D34: 44.3 | F34: TJ/Gg | G34: Bảng 1.2 Volume 2 Chapter 1 IPCC 2006
A35: Hệ số phát thải CO2 | D35: 69300 | F35: kg/TJ | G35: Quyết định 2626/QĐ-BTNMT Phụ lục 1 STT1.49
A36: Hệ số phát thải CH4 | D36: 33 | F36: kg/TJ | G36: Quyết định 2626/QĐ-BTNMT Phụ lục 1 STT1.50
A37: Hệ số phát thải N2O | D37: 3.2 | F37: kg/TJ | G37: Quyết định 2626/QĐ-BTNMT Phụ lục 1 STT1.51
A38: Hệ số GWP 100 của CH4 | D38: 27.9 | G38: Bảng Table 7.SM.7 IPCC_AR6_WGI_Chapter07_SM
A39: Hệ số GWP 100 của N2O | D39: 273 | G39: Bảng Table 7.SM.7 IPCC_AR6_WGI_Chapter07_SM

Sheet 1.3.1. Bình chữacháyCO2
C1: EMISSION FROM FIRE EXTINGUISHER/ BẢNG TÍNH TOÁN LƯỢNG PHÁT THẢI TỪ BÌNH CHỮA CHÁY CO2 NĂM: 2024 | G1: Mã nguồn phát thải 1.3.1
A4: Emission sources: direct Emissions - fire extinguisher
A5: GHG Emissions: CO2.
A6: Scope: Scope 1 emissions - direct
A7: Results calculator:
A8: No. | B8: Month | C8: CO2 trong bình cứu hỏa (kg) | D8: CO2 sử dụng diễn tập PCCC (kg) | E8: Hệ số rò rỉ trung bình (%/tháng) | F8: Tổng lượng CO2 phát thải (kg) | G8: Phát thải GHG (tấn CO2)
A9: (1) | B9: (2) | C9: (3) | D9: (4) | E9: (5) | F9: (6) | G9: (7)=(6) /1000
A10: 1 | B10: 1 | C10: =2*5+26*3+15*3+5*3 -> 148 | D10: 0 | E10: =5%/12 -> 0.0041666667 | F10: =+E10*C10 -> 0.61666667 | G10: =+F10/1000 -> 0.00061666667
B11: 2 | C11: =2*5+26*3+15*3+5*3 -> 148 | D11: 0 | E11: =5%/12 -> 0.0041666667 | F11: =+E11*C11 -> 0.61666667 | G11: =+F11/1000 -> 0.00061666667
B12: 3 | C12: =2*5+26*3+15*3+5*3 -> 148 | D12: 0 | E12: =5%/12 -> 0.0041666667 | F12: =+E12*C12 -> 0.61666667 | G12: =+F12/1000 -> 0.00061666667
B13: 4 | C13: =2*5+26*3+15*3+5*3 -> 148 | D13: 0 | E13: =5%/12 -> 0.0041666667 | F13: =+E13*C13 -> 0.61666667 | G13: =+F13/1000 -> 0.00061666667
B14: 5 | C14: =2*5+26*3+15*3+5*3 -> 148 | D14: 0 | E14: =5%/12 -> 0.0041666667 | F14: =+E14*C14 -> 0.61666667 | G14: =+F14/1000 -> 0.00061666667
B15: 6 | C15: =2*5+26*3+15*3+5*3 -> 148 | D15: 0 | E15: =5%/12 -> 0.0041666667 | F15: =+E15*C15 -> 0.61666667 | G15: =+F15/1000 -> 0.00061666667
B16: 7 | C16: =2*5+26*3+15*3+5*3 -> 148 | D16: 0 | E16: =5%/12 -> 0.0041666667 | F16: =+E16*C16 -> 0.61666667 | G16: =+F16/1000 -> 0.00061666667
B17: 8 | C17: =2*5+26*3+15*3+5*3 -> 148 | D17: 0 | E17: =5%/12 -> 0.0041666667 | F17: =+E17*C17 -> 0.61666667 | G17: =+F17/1000 -> 0.00061666667
B18: 9 | C18: =2*5+26*3+15*3+5*3 -> 148 | D18: 0 | E18: =5%/12 -> 0.0041666667 | F18: =+E18*C18 -> 0.61666667 | G18: =+F18/1000 -> 0.00061666667
B19: 10 | C19: =2*5+26*3+15*3+5*3 -> 148 | D19: 0 | E19: =5%/12 -> 0.0041666667 | F19: =+E19*C19 -> 0.61666667 | G19: =+F19/1000 -> 0.00061666667
B20: 11 | C20: =2*5+26*3+15*3+5*3 -> 148 | D20: 0 | E20: =5%/12 -> 0.0041666667 | F20: =+E20*C20 -> 0.61666667 | G20: =+F20/1000 -> 0.00061666667
B21: 12 | C21: =2*5+26*3+15*3+5*3 -> 148 | D21: 0 | E21: =5%/12 -> 0.0041666667 | F21: =+E21*C21 -> 0.61666667 | G21: =+F21/1000 -> 0.00061666667
A22: TỔNG | C22: =SUM(C10:C21) -> 1776 | D22: =SUM(D10:D21) -> 0 | E22: 0.05 | F22: =SUM(F10:F21) -> 7.4 | G22: =SUM(G10:G21) -> 0.0074
A25: Note: Năm 2024 Công ty diễn tập PCCC sử dụng bình bột MFZ8 không phải bình chữa cháy khí CO2.
A27: Nguồn thông tin tham khảo:
A29: Hệ số chuyển đổi | D29: Giá trị
A30: Chuyển đổi đơn vị kg/tấn | D30: *10^-3
A31: Hệ số tính toán | D31: Giá trị
A32: Hệ số rò rỉ hàng năm của bình chữa cháy CO2 được lấy tối đa theo TCVN 7026:2013 | D32: 0.05
A33: Hệ số rò rỉ trung bình theo tháng của bình chữa cháy CO2 | D33: =+D32/12 -> 0.0041666667

Sheet 1.3.2.Môi chất lạnh
C1: EMISSION FROM REFRIGERANT/ BẢNG TÍNH TOÁN LƯỢNG PHÁT THẢI TỪ MÔI CHẤT LẠNH YEAR/NĂM: 2024 | S1: PHỤ LỤC 24 Mã nguồn phát thải 1.3.2
A5: Determine HFC and PFC Emissions from Operation of Refrigeration Equipment
A6: Emission sources: Direct - Operation of Refrigeration Equipment
A7: GHG Emissions: CO2e
A8: Scope: Scope 1 emissions – Direct
A9: Results calculator:
A11: STT | B11: Môi chất | C11: Loại thiết bị lạnh | D11: Dữ liệu tính toán | F11: Tháng | R11: Hệ số tính toán | S11: Lượng phát thải (kg CO2e) | T11: Lượng phát thải (tấn CO2e) | V11: Table 2. Default Assumptions from IPCC Good Practice Guidelines*
F12: 1 | G12: 2 | H12: 3 | I12: 4 | J12: 5 | K12: 6 | L12: 7 | M12: 8 | N12: 9 | O12: 10 | P12: 11 | Q12: 12 | V12: Application | W12: Charge (kg) | X12: Lifetime (years) | Y12: Emission Factors (% of initial charge/yr)
A13: 1 | B13: R-22 | C13: Chiller | D13: Khối lượng | E13: Tồn chứa (kg) | F13: =29590/1000 -> 29.59 | R13: 0 | S13: =+((F13*R13+F14*R14)/1)*F15*R15 -> 0 | T13: =+S13/1000 -> 0
E14: Nạp (kg) | F14: =0/1000 -> 0 | R14: 1 | Y14: Assembly | Z14: Annual Leakage Rate | AA14: Recycling Efficiency
D15: GWP 100 R-22 | E15: R-22 | F15: 1960 | R15: 1 | V15: Domestic Refrigeration | W15: 0.05 - 0.5 | X15: 12 - 15 | Y15: 0.2 - 1 % | Z15: 0.1 - 0.5 % | AA15: 70% of remainder
A16: 2 | B16: R-32 | C16: Chiller | D16: Khối lượng | E16: Tồn chứa(kg) | F16: =0/1000 -> 0 | R16: 0 | S16: =+((F16*R16+F17*R17)/1)*F18*R18 -> 0 | T16: =+S16/1000 -> 0 | V16: Stand-Alone Commercial Applications | W16: 0.2 - 6 | X16: 8 - 12 | Y16: 0.5 - 3 % | Z16: 1 - 10 % | AA16: 70 - 80% of the remainder
E17: Nạp (kg) | F17: =0/1000 -> 0 | R17: 1 | V17: Medium and Large Commercial refrigeration | W17: 50 - 2000 | X17: 7 - 10 | Y17: 0.5 - 3 % | Z17: 10 - 30 % | AA17: 80 - 90% of remainder
D18: GWP 100 R-32 | E18: R-32 | F18: 771 | R18: 1 | V18: Transport Refrigeration | W18: 3.0 - 8.0 | X18: 6 - 9 | Y18: 0.2 - 1 % | Z18: 15 - 50 % | AA18: 70 - 80% of remainder
A19: 3 | B19: R-134a (hay HFC-134a) | C19: Chiller | D19: Khối lượng | E19: Tồn chứa (kg) | F19: =9080/1000 -> 9.08 | R19: 0 | S19: =+((F19*R19+F20*R20)/1)*F21*R21 -> 1989 | T19: =+S19/1000 -> 1.989 | V19: Industrial Refrigeration including Food Processing and Cold Storage | W19: 10 - 10000 | X19: 10 - 20 | Y19: 0.5 - 3 % | Z19: 7 - 25 % | AA19: 80 - 90% of remainder
E20: Nạp (kg) | F20: =1300/1000 -> 1.3 | R20: 1 | V20: Chillers | W20: 10.0 - 2000 | X20: 10 - 30 | Y20: 0.2 - 1 % | Z20: 2 - 15 % | AA20: 80 - 95% of remainder
D21: R-134a | E21: GWP 100 | F21: 1530 | R21: 1 | V21: Residential and Commercial A/C, including Heat Pumps | W21: 0.5 - 100 | X21: 10 - 15 | Y21: 0.2 - 1 % | Z21: 1 - 5 % | AA21: 70 - 80% of remainder
A22: 4 | B22: R-407C | C22: Chiller | D22: Khối lượng | E22: Tồn chứa (kg) | F22: =16940/1000 -> 16.94 | R22: 0 | S22: =+((F22*R22+F23*R23)/1)*(F24*R24*F27*R27+F25*R25*F28*R28+F26*R26*F29*R29) -> 0 | T22: =+S22/1000 -> 0
E23: Nạp (kg) | F23: =0/1000 -> 0 | R23: 1
D24: Tỷ lệ thành phần R-407C | E24: 23% R-32 | F24: =23/100 -> 0.23 | R24: 1
E25: 25% R-125 | F25: =25/100 -> 0.25 | R25: 1
E26: 52% R-134a | F26: =52/100 -> 0.52 | R26: 1
D27: GWP 100 theo thành phần R-407C | E27: R-32 | F27: 771 | R27: 1
E28: R-125 | F28: 3740 | R28: 1
E29: R-134a | F29: 1530 | R29: 1
A30: 5 | B30: R-410A | C30: Chiller | D30: Khối lượng | E30: Tồn chứa(kg) | F30: =20020/1000 -> 20.02 | R30: 0 | S30: =+((F30*R30+F31*R31)/1)*(F32*R32*F34*R34+F33*R33*F35*R35) -> 0 | T30: =+S30/1000 -> 0
E31: Nạp (kg) | F31: =0/1000 -> 0 | R31: 1
D32: Tỷ lệ thành phần R-410A | E32: 50% R-32 | F32: 0.5 | R32: 1
E33: 50% R-125 | F33: 0.5 | R33: 1
D34: GWP 100 theo thành phần R-410A | E34: R-32 | F34: 771 | R34: 1
E35: R-125 | F35: 3740 | R35: 1
A36: 6 | B36: HF0 R1234yf | C36: Chiller | D36: Khối lượng | E36: Tồn chứa (kg) | F36: =200/1000 -> 0.2 | R36: 0 | S36: =+(F36*R36+F37)*F38 -> 0 | T36: =+S36/1000 -> 0
E37: Nạp (kg) | F37: =0/1000 -> 0
D38: GWP 100 | E38: R1234yf | F38: 0.501
A39: 7 | B39: R-22 | C39: Thiết bị lạnh dân dụng | D39: Khối lượng | E39: Tồn chứa (kg) | F39: =51330/1000 -> 51.33 | R39: 0 | S39: =+((F39*R39+F40*R40)/1)*F41*R41 -> 8584.8 | T39: =+S39/1000 -> 8.5848
E40: Nạp (kg) | F40: =4380/1000 -> 4.38 | R40: 1 | Y40: Assembly | Z40: Annual Leakage Rate | AA40: Recycling Efficiency
D41: GWP 100 R-22 | E41: R-22 | F41: 1960 | R41: 1 | V41: Domestic Refrigeration | W41: 0.05 - 0.5 | X41: 12 - 15 | Y41: 0.2 - 1 % | Z41: 0.1 - 0.5 % | AA41: 70% of remainder
A42: 8 | B42: R-32 | C42: Thiết bị lạnh dân dụng | D42: Khối lượng | E42: Tồn chứa (kg) | F42: =34550/1000 -> 34.55 | R42: 0 | S42: =+((F42*R42+F43*R43)/1)*F44*R44 -> 2020.02 | T42: =+S42/1000 -> 2.02002 | V42: Stand-Alone Commercial Applications | W42: 0.2 - 6 | X42: 8 - 12 | Y42: 0.5 - 3 % | Z42: 1 - 10 % | AA42: 70 - 80% of the remainder
E43: Nạp (kg) | F43: =2620/1000 -> 2.62 | R43: 1 | V43: Medium and Large Commercial refrigeration | W43: 50 - 2000 | X43: 7 - 10 | Y43: 0.5 - 3 % | Z43: 10 - 30 % | AA43: 80 - 90% of remainder
D44: GWP 100 R-32 | E44: R-32 | F44: 771 | R44: 1 | V44: Transport Refrigeration | W44: 3.0 - 8.0 | X44: 6 - 9 | Y44: 0.2 - 1 % | Z44: 15 - 50 % | AA44: 70 - 80% of remainder
A45: 9 | B45: R-134a (hay HFC-134a) | C45: Thiết bị lạnh dân dụng | D45: Khối lượng | E45: Tồn chứa (kg) | F45: =6925/1000 -> 6.925 | R45: 0 | S45: =+((F45*R45+F46*R46)/1)*F47*R47 -> 0 | T45: =+S45/1000 -> 0 | V45: Industrial Refrigeration including Food Processing and Cold Storage | W45: 10 - 10000 | X45: 10 - 20 | Y45: 0.5 - 3 % | Z45: 7 - 25 % | AA45: 80 - 90% of remainder
E46: Nạp (kg) | F46: =0/1000 -> 0 | R46: 1 | V46: Chillers | W46: 10.0 - 2000 | X46: 10 - 30 | Y46: 0.2 - 1 % | Z46: 2 - 15 % | AA46: 80 - 95% of remainder
D47: R-134a | E47: GWP 100 | F47: 1530 | R47: 1 | V47: Residential and Commercial A/C, including Heat Pumps | W47: 0.5 - 100 | X47: 10 - 15 | Y47: 0.2 - 1 % | Z47: 1 - 5 % | AA47: 70 - 80% of remainder
A48: 10 | B48: R-410A | C48: Thiết bị lạnh dân dụng | D48: Khối lượng | E48: Tồn chứa (kg) | F48: =2570/1000 -> 2.57 | R48: 0 | S48: =+((F48*R48+F49*R49)/1)*(F50*R50*F52*R52+F51*R51*F53*R53) -> 0 | T48: =+S48/1000 -> 0
E49: Nạp (kg) | F49: =0/1000 -> 0 | R49: 1
D50: Tỷ lệ thành phần R-410A | E50: 50% R-32 | F50: 0.5 | R50: 1
E51: 50% R-125 | F51: 0.5 | R51: 1
D52: GWP 100 theo thành phần R-410A | E52: R-32 | F52: 771 | R52: 1
E53: R-125 | F53: 3740 | R53: 1
A54: 11 | B54: R600 | C54: Thiết bị lạnh dân dụng | D54: Khối lượng | E54: Tồn chứa (kg) | F54: =600/1000 -> 0.6 | R54: 0 | S54: =+((F54*R54+F55*R55)/1)*F56*R56 -> 0 | T54: =+S54/1000 -> 0
E55: Nạp (kg) | F55: =0/1000 -> 0 | R55: 1
D56: GWP 100 R-600 | E56: R-600 | F56: 4 | R56: 1
A57: 12 | B57: R600a | C57: Thiết bị lạnh dân dụng | D57: Khối lượng | E57: Tồn chứa (kg) | F57: =78/1000 -> 0.078 | R57: 0 | S57: =+((F57*R57+F58*R58)/1)*F59*R59 -> 0 | T57: =+S57/1000 -> 0
E58: Nạp (kg) | F58: =0/1000 -> 0 | R58: 1
D59: GWP 100 R-600a | E59: R-600a | F59: 3 | R59: 1
A60: Tổng phát thải từ môi chất (tấn CO2e) | T60: =SUM(T13:T59) -> 12.59382
A62: Nguồn thông tin tham khảo:
A64: Hệ số chuyển đổi | E64: Giá trị
A65: Chuyển đổi đơn vị kg/tấn | E65: *10^-3
A66: Hệ số tra cứu | E66: Giá trị | G66: Đơn vị | H66: Nguồn tham khảo
A67: Hệ số rò rỉ (% of initial charge/year) | E67: 0.5 | G67: % | H67: Bảng Table 7.9 Chapter 7, Volume 3, IPCC 2006
A68: Hệ số rò rỉ của thiết bị lạnh công nghiệp như Chiller,... (% /year | E68: 15 | G68: % | H68: Bảng Table 7.9 Chapter 7, Volume 3, IPCC 2006
A69: Hệ số GWP 100 của R-22 | E69: 1960 | H69: Bảng Table 7.SM.7 IPCC_AR6_WGI_Chapter07_SM
A70: Hệ số GWP 100 của R-32 | E70: 771 | H70: Bảng Table 7.SM.7 IPCC_AR6_WGI_Chapter07_SM
A71: Hệ số GWP 100 của R-125 | E71: 3740 | H71: Bảng Table 7.SM.7 IPCC_AR6_WGI_Chapter07_SM
A72: Hệ số GWP 100 của R-134a | E72: 1530 | H72: Bảng Table 7.SM.7 IPCC_AR6_WGI_Chapter07_SM
A73: Hệ số GWP 100 của R-143a | E73: 5810 | H73: Bảng Table 7.SM.7 IPCC_AR6_WGI_Chapter07_SM
A74: Hệ số GWP 100 của R-600 | E74: 4 | H74: Tra theo datasheet của Nhà sản xuất N-BUTANE
A75: Hệ số GWP 100 của R-600a | E75: 3 | H75: Tra theo datasheet của Nhà sản xuất ISOBUTANE
A76: Hệ số GWP 100 của HFO-1234yf | E76: 0.501 | H76: Bảng Table 7.SM.7 IPCC_AR6_WGI_Chapter_07_Supplementary_Material
A77: Tỷ lệ thành phần của R-407C | E77: HFC-32/HFC-125/HFC-134a = 23.0/25.0/52.0 | G77: % | H77: Bảng Table 7.8 Blends 19R_Ch07_ODS_Substitutes
A78: Tỷ lệ thành phần của R-410A | E78: HFC-32/HFC-125 = 50.0/50.0 | G78: % | H78: Bảng Table 7.8 Blends 19R_Ch07_ODS_Substitutes

Sheet 1.3.3 BỂ XỬ LÝ NƯỚC THẢI TT 
C1: BẢNG TÍNH TOÁN LƯỢNG PHÁT THẢI TỪ HỆ THỐNG XỬ LÝ NƯỚC THẢI SƠ BỘ NĂM:2024 | N1: Mã nguồn phát thải 1.3.3
A5: Department/ Bộ phận: Toàn Công ty
A6: Type 1/Nhóm 1: Phát thải và loại bỏ KNK trực tiếp/Direct GHG emissions and removals
A7: Rò rỉ CH4 và N2O từ hệ thống nước thải sinh hoạt/CH4 and N2O leak from sump system
A8: Loại KNK /GHG Emissions: CH4 và N2O/ CH4 and N2O
A9: 1. Bảng tính toán phát thải do rò rỉ CH4
A11: Tháng | B11: Tổng số giờ làm (số người * số giờ) | C11: BOD(gram/ 1 người/1 ngày) | D11: BOD(gram/ 1 người/1 giờ) | E11: Tổng BOD nơi làm việc (g) | F11: TOW (KgBOD) | G11: Bo (KgCH4/KgBOD) | H11: MCF | I11: Tổng CH4 (kg) Total CH4 (kg) | J11: GWP 100 CH4 | K11: Tổng CO2e (Tấn) Total CO2 (ton) | L11: Tổng CO2e (tấn) 2. Bảng tính toán phát thải do rò rỉ N2O | M11: Tổng CO2e (tấn) 1.3.3 BỂ XL NƯỚC THẢI TT N2O
A12: (1) | B12: (2) | C12: (3) | D12: (4)= (3)/24 | E12: (5)=(2)*(4) | F12: (6) = (5)/1000 | G12: (7) | H12: (8) | I12: (9)=6*7*8 | J12: (10) | K12: (11)=(9)*(10)/1000 | L12: Tổng CO2e (tấn) | M12: Tổng CO2e (tấn) | N12: TỔNG CỘNG CO2e (tấn) | O12: TỔNG CỘNG N2O ra CO2e (tấn)
A13: 1 | B13: =+'[1]Giờ công 2024.'!$F$24 -> 137384 | C13: 40 | D13: =+C13/24 -> 1.6666667 | E13: =+B13*D13 -> 228973.33 | F13: =+E13/1000 -> 228.97333 | G13: 0.6 | H13: 0.5 | I13: =F13*G13*H13 -> 68.692 | J13: 27.9 | K13: =I13*J13/10^3 -> 1.9165068 | L13: 0.04317374 | M13: 0.20650357 | N13: =+K13+L13+M13 -> 2.1661841 | O13: =+L13+M13 -> 0.24967731
A14: 2 | B14: =+'[1]Giờ công 2024.'!$I$24 -> 85904 | C14: 40 | D14: =+C14/24 -> 1.6666667 | E14: =+B14*D14 -> 143173.33 | F14: =+E14/1000 -> 143.17333 | G14: 0.6 | H14: 0.5 | I14: =F14*G14*H14 -> 42.952 | J14: 27.9 | K14: =I14*J14/10^3 -> 1.1983608 | L14: 0.024541676 | M14: 0.1450492 | N14: =+K14+L14+M14 -> 1.3679517 | O14: =+L14+M14 -> 0.16959088
A15: 3 | B15: =+'[1]Giờ công 2024.'!$L$24 -> 135868 | C15: 40 | D15: =+C15/24 -> 1.6666667 | E15: =+B15*D15 -> 226446.67 | F15: =+E15/1000 -> 226.44667 | G15: 0.6 | H15: 0.5 | I15: =F15*G15*H15 -> 67.934 | J15: 27.9 | K15: =I15*J15/10^3 -> 1.8953586 | L15: 0.038815753 | M15: 0.14582203 | N15: =+K15+L15+M15 -> 2.0799964 | O15: =+L15+M15 -> 0.18463778
A16: 4 | B16: =+'[1]Giờ công 2024.'!$O$24 -> 127516 | C16: 40 | D16: =+C16/24 -> 1.6666667 | E16: =+B16*D16 -> 212526.67 | F16: =+E16/1000 -> 212.52667 | G16: 0.6 | H16: 0.5 | I16: =F16*G16*H16 -> 63.758 | J16: 27.9 | K16: =I16*J16/10^3 -> 1.7788482 | L16: 0.036429693 | M16: 0.15685393 | N16: =+K16+L16+M16 -> 1.9721318 | O16: =+L16+M16 -> 0.19328362
A17: 5 | B17: =+'[1]Giờ công 2024.'!$R$24 -> 151236 | C17: 40 | D17: =+C17/24 -> 1.6666667 | E17: =+B17*D17 -> 252060 | F17: =+E17/1000 -> 252.06 | G17: 0.6 | H17: 0.5 | I17: =F17*G17*H17 -> 75.618 | J17: 27.9 | K17: =I17*J17/10^3 -> 2.1097422 | L17: 0.043206194 | M17: 0.18553455 | N17: =+K17+L17+M17 -> 2.3384829 | O17: =+L17+M17 -> 0.22874075
A18: 6 | B18: =+'[1]Giờ công 2024.'!$U$24 -> 124548 | C18: 40 | D18: =+C18/24 -> 1.6666667 | E18: =+B18*D18 -> 207580 | F18: =+E18/1000 -> 207.58 | G18: 0.6 | H18: 0.5 | I18: =F18*G18*H18 -> 62.274 | J18: 27.9 | K18: =I18*J18/10^3 -> 1.7374446 | L18: 0.035581773 | M18: 0.18416989 | N18: =+K18+L18+M18 -> 1.9571963 | O18: =+L18+M18 -> 0.21975166
A19: 7 | B19: =+'[1]Giờ công 2024.'!$X$24 -> 161844 | C19: 40 | D19: =+C19/24 -> 1.6666667 | E19: =+B19*D19 -> 269740 | F19: =+E19/1000 -> 269.74 | G19: 0.6 | H19: 0.5 | I19: =F19*G19*H19 -> 80.922 | J19: 27.9 | K19: =I19*J19/10^3 -> 2.2577238 | L19: 0.046236764 | M19: 0.35010488 | N19: =+K19+L19+M19 -> 2.6540654 | O19: =+L19+M19 -> 0.39634164
A20: 8 | B20: =+'[1]Giờ công 2024.'!$AA$24 -> 155360 | C20: 40 | D20: =+C20/24 -> 1.6666667 | E20: =+B20*D20 -> 258933.33 | F20: =+E20/1000 -> 258.93333 | G20: 0.6 | H20: 0.5 | I20: =F20*G20*H20 -> 77.68 | J20: 27.9 | K20: =I20*J20/10^3 -> 2.167272 | L20: 0.044384368 | M20: 0.35076095 | N20: =+K20+L20+M20 -> 2.5624173 | O20: =+L20+M20 -> 0.39514532
A21: 9 | B21: =+'[1]Giờ công 2024.'!$AD$24 -> 131428 | C21: 40 | D21: =+C21/24 -> 1.6666667 | E21: =+B21*D21 -> 219046.67 | F21: =+E21/1000 -> 219.04667 | G21: 0.6 | H21: 0.5 | I21: =F21*G21*H21 -> 65.714 | J21: 27.9 | K21: =I21*J21/10^3 -> 1.8334206 | L21: 0.037547301 | M21: 0.34280971 | N21: =+K21+L21+M21 -> 2.2137776 | O21: =+L21+M21 -> 0.38035701
A22: 10 | B22: =+'[1]Giờ công 2024.'!$AG$24 -> 156484 | C22: 40 | D22: =+C22/24 -> 1.6666667 | E22: =+B22*D22 -> 260806.67 | F22: =+E22/1000 -> 260.80667 | G22: 0.6 | H22: 0.5 | I22: =F22*G22*H22 -> 78.242 | J22: 27.9 | K22: =I22*J22/10^3 -> 2.1829518 | L22: 0.044705481 | M22: 0.2628719 | N22: =+K22+L22+M22 -> 2.4905292 | O22: =+L22+M22 -> 0.30757738
A23: 11 | B23: =+'[1]Giờ công 2024.'!$AJ$24 -> 147564 | C23: 40 | D23: =+C23/24 -> 1.6666667 | E23: =+B23*D23 -> 245940 | F23: =+E23/1000 -> 245.94 | G23: 0.6 | H23: 0.5 | I23: =F23*G23*H23 -> 73.782 | J23: 27.9 | K23: =I23*J23/10^3 -> 2.0585178 | L23: 0.04215715 | M23: 0.27744883 | N23: =+K23+L23+M23 -> 2.3781238 | O23: =+L23+M23 -> 0.31960598
A24: 12 | B24: =+'[1]Giờ công 2024.'!$AM$24 -> 151644 | C24: 40 | D24: =+C24/24 -> 1.6666667 | E24: =+B24*D24 -> 252740 | F24: =+E24/1000 -> 252.74 | G24: 0.6 | H24: 0.5 | I24: =F24*G24*H24 -> 75.822 | J24: 27.9 | K24: =I24*J24/10^3 -> 2.1154338 | L24: 0.043322754 | M24: 0.26494743 | N24: =+K24+L24+M24 -> 2.423704 | O24: =+L24+M24 -> 0.30827019
A25: Tổng | B25: =SUM(B13:B24) -> 1666780 | I25: =SUM(I13:I24) -> 833.39 | K25: =SUM(K13:K24) -> 23.251581 | L25: =SUM(L13:L24) -> 0.48010265 | M25: =SUM(M13:M24) -> 2.8728769 | N25: =SUM(N13:N24) -> 26.604561 | O25: =SUM(O13:O24) -> 3.3529795
A27: 2. Bảng tính toán phát thải do rò rỉ N2O
A29: Tháng | B29: Tổng số giờ làm (số người * số giờ) | C29: Lượng protein phát sinh ra từ mỗi người (g/người/ngày) (https://www.fao.org/faostat/en/#data/FBSH) | D29: Lượng protein phát sinh ra từ mỗi người (g/người/giờ) | E29: Tổng lượng protein phát sinh được đưa vào hệ thống (kg) | F29: Hệ số tiêu thụ Protein từ tổng lượng protein đi vào hệ thống (%) | G29: Tổng lượng Protein tiêu thụ đi vào hệ thống (kg) | H29: Tỉ lệ Ni tơ/Protein ( kg N/kg protein) | I29: Lượng nitrogen bổ sung từ các thực phẩm được thêm vào chất thải nước ( kg N/kg protein) | J29: Tổng lượng Ni tơ tiêu thụ đi vào hệ thống (kg N) | K29: Hệ số cho nitơ trong protein không tiêu thụ được loại bỏ trong hệ thống cống thoát (kg N/ kg N) | L29: Tổng Ni tơ đầu vào (kg N) | M29: Hệ số cho protein từ các nguồn công nghiệp và thương mại được xả vào hệ thống cống thoát | N29: Hệ số phát thải N2O (kg N2O/Kg N) | O29: Tổng N2O (tấn) | P29: GWP 100 N2O | Q29: Tổng CO2e (tấn)
E30: ProteinSUPPLY | F30: FPC | G30: Protein | H30: FNPR | I30: NHH | J30: TNDOM | K30: FNON-CON | L30: TNIND | M30: FIND_COM | N30: EF, EFFLUENT | O30: N2O EFFLUENT, DOM
A31: (1) | B31: (2) | C31: (3) | D31: (4)= (3)/24 | E31: (5)=(2)*(4) | F31: (6) | G31: (7)=(5)*(6) | H31: (8) | I31: (9) | J31: (10)=(7)*(8)*(9) | K31: (11) | L31: (12)=(10)*(11) | M31: (13) | N31: (14) | O31: (15)=((12)*(13)*(14)*(44/28)/10^3 | P31: (16) | Q31: (17)=(15)*(16)
A32: 1 | B32: 137384 | C32: 81.61 | D32: =+C32/24 -> 3.4004167 | E32: =+B32*D32/1000 -> 467.16284 | F32: 0.96 | G32: =E32*F32 -> 448.47633 | H32: 0.16 | I32: 1.1 | J32: =G32*H32*I32 -> 78.931834 | K32: 1.02 | L32: =J32*K32 -> 80.510471 | M32: 1.25 | N32: =+$C$59 -> 0.001 | O32: =(L32*M32*N32)*(44/28)/10^3 -> 0.00015814557 | P32: 273 | Q32: =+O32*P32 -> 0.04317374
